moneyness_bucket,parity_basis
deep_itm,-346.0
deep_itm,-273.0
deep_itm,-50.0
deep_itm,-518.0
deep_itm,111.0
deep_itm,712.0
deep_itm,90.0
deep_itm,1712.0
deep_itm,609.0
deep_itm,526.0
deep_itm,517.0
deep_itm,1438.0
deep_itm,-238.0
deep_itm,-266.0
deep_itm,304.0
deep_itm,1080.0
deep_itm,26.0
deep_itm,119.0
deep_itm,1427.0
deep_itm,-49.0
deep_itm,-373.0
deep_itm,230.0
deep_itm,746.0
deep_itm,170.0
deep_itm,116.0
deep_itm,261.0
deep_itm,-517.0
deep_itm,338.0
deep_itm,806.0
deep_itm,1919.0
deep_itm,959.0
deep_itm,425.0
deep_itm,926.0
deep_itm,755.0
deep_itm,608.0
deep_itm,1192.0
deep_itm,973.0
deep_itm,165.0
deep_itm,827.0
deep_itm,875.0
deep_itm,863.0
deep_itm,1529.0
deep_itm,1791.0
deep_itm,1398.0
deep_itm,-233.0
deep_itm,-248.0
deep_itm,189.0
deep_itm,983.0
deep_itm,-52.0
deep_itm,53.0
itm,1389.0
itm,-66.0
itm,-235.0
deep_itm,155.0
deep_itm,747.0
itm,369.0
itm,167.0
itm,116.0
itm,-628.0
itm,318.0
itm,896.0
itm,1963.0
itm,1102.0
itm,474.0
itm,910.0
itm,839.0
deep_itm,734.0
deep_itm,1151.0
deep_itm,1091.0
deep_itm,251.0
deep_itm,1085.0
deep_itm,1071.0
deep_itm,1220.0
deep_itm,1612.0
deep_itm,1986.0
itm,1624.0
itm,1491.0
deep_itm,-195.0
deep_itm,-271.0
deep_itm,221.0
itm,1023.0
itm,-60.0
itm,89.0
itm,1294.0
atm,-169.0
itm,-310.0
itm,150.0
itm,688.0
atm,34.0
atm,163.0
atm,306.0
atm,-619.0
atm,384.0
atm,803.0
atm,1918.0
atm,1141.0
atm,512.0
atm,961.0
atm,881.0
itm,808.0
itm,1305.0
itm,1265.0
itm,304.0
deep_itm,1077.0
itm,1020.0
itm,1236.0
itm,1679.0
itm,1909.0
atm,1738.0
atm,1734.0
atm,1057.0
itm,1233.0
itm,-272.0
itm,-131.0
itm,273.0
itm,1004.0
atm,-162.0
atm,160.0
atm,1354.0
otm,-77.0
atm,-131.0
atm,76.0
atm,807.0
atm,440.0
atm,250.0
atm,485.0
otm,-569.0
atm,274.0
atm,662.0
otm,1939.0
otm,1222.0
otm,664.0
otm,1023.0
atm,853.0
atm,882.0
atm,1415.0
atm,1373.0
atm,311.0
itm,1152.0
atm,1053.0
atm,1214.0
atm,1573.0
atm,1863.0
atm,1683.0
otm,1415.0
atm,1390.0
atm,1355.0
atm,1564.0
otm,1797.0
atm,530.0
atm,1012.0
atm,-178.0
atm,-129.0
atm,266.0
atm,1150.0
atm,-95.0
otm,229.0
otm,1385.0
otm,-309.0
otm,-137.0
otm,115.0
otm,735.0
otm,223.0
otm,21.0
otm,593.0
otm,-278.0
otm,296.0
otm,934.0
otm,1867.0
deep_otm,1330.0
otm,490.0
otm,897.0
otm,505.0
otm,433.0
otm,1449.0
otm,1333.0
atm,73.0
atm,1088.0
atm,705.0
atm,1125.0
otm,1487.0
otm,1856.0
otm,1754.0
otm,1092.0
atm,-38.0
otm,-70.0
otm,287.0
otm,1181.0
otm,-88.0
otm,647.0
deep_otm,1480.0
deep_otm,-231.0
deep_otm,654.0
deep_otm,949.0
deep_otm,1833.0
deep_otm,82.0
deep_otm,256.0
deep_otm,148.0
otm,-209.0
otm,1214.0
otm,396.0
otm,601.0
otm,1208.0
otm,1783.0
deep_otm,1767.0
deep_otm,1106.0
deep_otm,2601.0
deep_otm,1472.0
deep_otm,769.0
deep_otm,25.0
deep_otm,-229.0
deep_otm,377.0
deep_otm,150.0
deep_otm,491.0
deep_otm,1222.0
deep_itm,-1145.0
deep_itm,-676.0
deep_itm,-806.0
deep_itm,43.0
deep_itm,3342.0
deep_itm,1580.0
deep_itm,517.0
deep_itm,1258.0
deep_itm,2113.0
deep_itm,154.0
deep_itm,124.0
deep_itm,134.0
deep_itm,-29.0
deep_itm,753.0
deep_itm,279.0
deep_itm,-613.0
deep_itm,680.0
deep_itm,613.0
deep_itm,66.0
deep_itm,1361.0
deep_itm,1135.0
deep_itm,2236.0
deep_itm,-77.0
deep_itm,-1356.0
deep_itm,177.0
deep_itm,-5.0
deep_itm,-883.0
deep_itm,669.0
deep_itm,579.0
deep_itm,100.0
deep_itm,476.0
deep_itm,2639.0
deep_itm,139.0
deep_itm,1358.0
deep_itm,67.0
deep_itm,1287.0
deep_itm,-2.0
deep_itm,-116.0
deep_itm,136.0
deep_itm,-1473.0
deep_itm,309.0
deep_itm,780.0
deep_itm,1100.0
deep_itm,794.0
deep_itm,834.0
deep_itm,848.0
deep_itm,401.0
deep_itm,668.0
deep_itm,908.0
deep_itm,-455.0
deep_itm,1068.0
deep_itm,20.0
deep_itm,760.0
deep_itm,994.0
deep_itm,-534.0
deep_itm,353.0
deep_itm,1075.0
deep_itm,450.0
deep_itm,932.0
deep_itm,260.0
deep_itm,61.0
deep_itm,993.0
deep_itm,810.0
deep_itm,-2009.0
deep_itm,-1276.0
deep_itm,105.0
deep_itm,-244.0
deep_itm,689.0
deep_itm,3204.0
deep_itm,-61.0
deep_itm,555.0
deep_itm,16.0
deep_itm,-755.0
deep_itm,371.0
deep_itm,447.0
deep_itm,619.0
deep_itm,504.0
deep_itm,187.0
deep_itm,664.0
deep_itm,773.0
deep_itm,461.0
deep_itm,630.0
deep_itm,384.0
deep_itm,1741.0
deep_itm,-2229.0
deep_itm,-388.0
deep_itm,309.0
deep_itm,-1309.0
deep_itm,-398.0
deep_itm,4902.0
deep_itm,1535.0
deep_itm,-126.0
deep_itm,640.0
deep_itm,-186.0
deep_itm,-394.0
deep_itm,335.0
deep_itm,-194.0
deep_itm,60.0
deep_itm,359.0
deep_itm,882.0
deep_itm,889.0
deep_itm,801.0
deep_itm,649.0
deep_itm,-67.0
deep_itm,-1299.0
deep_itm,-1649.0
deep_itm,-1600.0
deep_itm,-1555.0
deep_itm,-644.0
deep_itm,202.0
deep_itm,-190.0
deep_itm,-1125.0
deep_itm,49.0
deep_itm,2424.0
deep_itm,1523.0
deep_itm,-615.0
deep_itm,408.0
deep_itm,-2087.0
deep_itm,-498.0
deep_itm,-811.0
deep_itm,1615.0
deep_itm,854.0
deep_itm,189.0
deep_itm,341.0
deep_itm,419.0
deep_itm,1216.0
deep_itm,-680.0
deep_itm,190.0
deep_itm,513.0
deep_itm,439.0
deep_itm,569.0
deep_itm,448.0
deep_itm,295.0
deep_itm,561.0
deep_itm,405.0
deep_itm,-249.0
deep_itm,586.0
deep_itm,483.0
deep_itm,942.0
deep_itm,933.0
deep_itm,810.0
deep_itm,752.0
deep_itm,711.0
deep_itm,560.0
deep_itm,473.0
deep_itm,638.0
deep_itm,882.0
deep_itm,686.0
deep_itm,750.0
deep_itm,114.0
deep_itm,745.0
deep_itm,874.0
deep_itm,608.0
deep_itm,659.0
deep_itm,317.0
deep_itm,-1752.0
deep_itm,-921.0
deep_itm,156.0
deep_itm,-46.0
deep_itm,-334.0
deep_itm,539.0
deep_itm,3303.0
deep_itm,1494.0
deep_itm,1433.0
deep_itm,-197.0
deep_itm,-1728.0
deep_itm,-280.0
deep_itm,789.0
deep_itm,1643.0
deep_itm,1464.0
deep_itm,396.0
deep_itm,983.0
deep_itm,554.0
deep_itm,1185.0
deep_itm,670.0
deep_itm,393.0
deep_itm,443.0
deep_itm,455.0
deep_itm,5.0
deep_itm,559.0
deep_itm,338.0
deep_itm,445.0
deep_itm,637.0
deep_itm,566.0
deep_itm,607.0
deep_itm,748.0
deep_itm,693.0
deep_itm,718.0
deep_itm,837.0
deep_itm,686.0
deep_itm,1153.0
deep_itm,1056.0
deep_itm,914.0
deep_itm,633.0
deep_itm,1053.0
deep_itm,783.0
deep_itm,757.0
deep_itm,703.0
deep_itm,832.0
deep_itm,600.0
deep_itm,993.0
deep_itm,-65.0
deep_itm,574.0
deep_itm,977.0
deep_itm,641.0
deep_itm,744.0
deep_itm,-1269.0
deep_itm,146.0
deep_itm,2230.0
deep_itm,1184.0
itm,1517.0
itm,4141.0
itm,4388.0
atm,3197.0
atm,2008.0
atm,1420.0
itm,1058.0
deep_itm,-1503.0
deep_itm,-894.0
deep_itm,38.0
deep_itm,-37.0
deep_itm,-628.0
deep_itm,751.0
deep_itm,3098.0
deep_itm,1627.0
deep_itm,302.0
deep_itm,565.0
deep_itm,-2336.0
deep_itm,-448.0
deep_itm,495.0
deep_itm,1805.0
deep_itm,1295.0
deep_itm,653.0
deep_itm,689.0
deep_itm,526.0
deep_itm,987.0
deep_itm,632.0
deep_itm,444.0
deep_itm,434.0
deep_itm,623.0
deep_itm,556.0
deep_itm,502.0
deep_itm,564.0
deep_itm,563.0
deep_itm,515.0
deep_itm,541.0
deep_itm,639.0
deep_itm,789.0
deep_itm,874.0
deep_itm,833.0
deep_itm,819.0
deep_itm,804.0
deep_itm,1290.0
deep_itm,1147.0
deep_itm,976.0
deep_itm,900.0
deep_itm,908.0
deep_itm,668.0
deep_itm,658.0
deep_itm,894.0
deep_itm,942.0
deep_itm,956.0
deep_itm,1070.0
deep_itm,-98.0
deep_itm,737.0
deep_itm,556.0
deep_itm,199.0
deep_itm,870.0
atm,341.0
atm,2430.0
otm,2499.0
otm,-1779.0
atm,4269.0
deep_itm,-1481.0
deep_itm,-722.0
deep_itm,71.0
deep_itm,-178.0
deep_itm,-484.0
deep_itm,501.0
deep_itm,3225.0
deep_itm,1920.0
deep_itm,105.0
deep_itm,554.0
deep_itm,-2403.0
deep_itm,-142.0
deep_itm,783.0
deep_itm,1241.0
deep_itm,984.0
deep_itm,290.0
deep_itm,662.0
deep_itm,476.0
deep_itm,927.0
deep_itm,584.0
deep_itm,288.0
deep_itm,543.0
deep_itm,737.0
deep_itm,482.0
deep_itm,456.0
deep_itm,496.0
deep_itm,570.0
deep_itm,587.0
deep_itm,589.0
deep_itm,664.0
deep_itm,756.0
deep_itm,912.0
deep_itm,977.0
deep_itm,984.0
deep_itm,1040.0
deep_itm,1271.0
deep_itm,1162.0
itm,1110.0
itm,1061.0
itm,977.0
deep_itm,678.0
itm,804.0
itm,870.0
itm,1096.0
itm,1207.0
itm,1241.0
itm,135.0
deep_itm,1023.0
deep_itm,923.0
deep_itm,79.0
itm,-406.0
deep_itm,-1510.0
deep_itm,-929.0
deep_itm,14.0
deep_itm,-276.0
deep_itm,-390.0
deep_itm,648.0
deep_itm,3137.0
deep_itm,1855.0
deep_itm,275.0
deep_itm,213.0
deep_itm,-2040.0
deep_itm,99.0
deep_itm,734.0
deep_itm,1646.0
deep_itm,1475.0
deep_itm,592.0
deep_itm,439.0
deep_itm,547.0
deep_itm,977.0
deep_itm,567.0
deep_itm,314.0
deep_itm,452.0
deep_itm,630.0
deep_itm,353.0
deep_itm,421.0
deep_itm,607.0
deep_itm,657.0
deep_itm,616.0
deep_itm,606.0
deep_itm,702.0
deep_itm,780.0
deep_itm,935.0
itm,1057.0
itm,1105.0
itm,1072.0
itm,1358.0
itm,1294.0
atm,1180.0
atm,1137.0
atm,1009.0
itm,724.0
itm,756.0
atm,846.0
atm,1034.0
atm,1211.0
atm,1284.0
itm,58.0
itm,965.0
itm,850.0
itm,608.0
itm,1201.0
itm,978.0
deep_itm,825.0
deep_itm,-1584.0
deep_itm,-696.0
deep_itm,18.0
deep_itm,-214.0
deep_itm,-498.0
deep_itm,718.0
deep_itm,3143.0
deep_itm,1966.0
deep_itm,486.0
deep_itm,781.0
deep_itm,-1956.0
deep_itm,-117.0
deep_itm,576.0
deep_itm,1556.0
deep_itm,1448.0
deep_itm,426.0
deep_itm,464.0
deep_itm,511.0
deep_itm,1070.0
deep_itm,624.0
deep_itm,266.0
deep_itm,645.0
deep_itm,779.0
deep_itm,466.0
itm,523.0
itm,622.0
itm,694.0
itm,792.0
itm,599.0
itm,752.0
itm,760.0
itm,931.0
atm,1106.0
atm,1180.0
atm,1142.0
atm,1371.0
atm,1345.0
atm,1174.0
atm,1164.0
atm,1001.0
atm,626.0
atm,837.0
atm,830.0
otm,1002.0
otm,1174.0
otm,1227.0
atm,93.0
atm,850.0
atm,841.0
itm,755.0
itm,1049.0
itm,1844.0
itm,1707.0
itm,1076.0
deep_itm,-1522.0
deep_itm,-917.0
deep_itm,56.0
deep_itm,-272.0
deep_itm,-637.0
deep_itm,827.0
deep_itm,3272.0
deep_itm,1796.0
deep_itm,369.0
deep_itm,754.0
deep_itm,-1881.0
deep_itm,-282.0
deep_itm,669.0
deep_itm,1543.0
deep_itm,1394.0
deep_itm,412.0
deep_itm,498.0
deep_itm,610.0
deep_itm,1061.0
itm,749.0
itm,514.0
itm,798.0
itm,825.0
itm,467.0
atm,679.0
atm,687.0
atm,704.0
atm,861.0
atm,612.0
atm,747.0
atm,735.0
atm,1006.0
atm,1180.0
atm,1231.0
atm,1167.0
atm,1335.0
otm,1393.0
otm,1171.0
otm,1160.0
otm,986.0
otm,576.0
otm,669.0
otm,909.0
otm,1020.0
otm,1145.0
otm,1211.0
otm,64.0
otm,956.0
otm,699.0
atm,369.0
atm,707.0
atm,896.0
atm,914.0
otm,-1516.0
otm,-890.0
otm,3360.0
otm,1433.0
deep_otm,1616.0
deep_otm,4297.0
deep_itm,-1521.0
deep_itm,-538.0
deep_itm,148.0
deep_itm,-189.0
deep_itm,-1330.0
deep_itm,884.0
deep_itm,3397.0
deep_itm,1917.0
deep_itm,517.0
deep_itm,933.0
deep_itm,-1758.0
deep_itm,-155.0
deep_itm,894.0
deep_itm,1715.0
deep_itm,1250.0
itm,447.0
itm,446.0
itm,606.0
itm,1144.0
atm,846.0
itm,384.0
atm,634.0
atm,652.0
atm,569.0
atm,674.0
atm,718.0
atm,788.0
atm,811.0
atm,710.0
otm,804.0
otm,784.0
otm,1048.0
otm,1228.0
otm,1194.0
otm,1156.0
otm,1357.0
otm,1538.0
deep_otm,1213.0
deep_otm,1304.0
deep_otm,1010.0
otm,518.0
deep_otm,817.0
deep_otm,838.0
deep_otm,1176.0
deep_otm,1113.0
deep_otm,1171.0
deep_otm,0.0
otm,873.0
otm,844.0
otm,586.0
otm,904.0
deep_itm,-1327.0
deep_itm,-610.0
deep_itm,167.0
deep_itm,-255.0
deep_itm,-567.0
deep_itm,1334.0
itm,3148.0
itm,1861.0
itm,548.0
itm,465.0
itm,-1616.0
itm,-312.0
itm,792.0
itm,1719.0
atm,1325.0
atm,517.0
atm,520.0
atm,688.0
atm,1411.0
otm,1060.0
otm,470.0
otm,932.0
otm,1118.0
otm,581.0
otm,904.0
otm,623.0
deep_otm,698.0
deep_otm,895.0
otm,648.0
deep_otm,762.0
deep_otm,734.0
deep_otm,870.0
deep_otm,1231.0
deep_otm,1160.0
deep_otm,1004.0
deep_otm,1407.0
deep_otm,1499.0
deep_otm,965.0
deep_otm,539.0
deep_otm,280.0
deep_otm,987.0
deep_otm,486.0
deep_otm,617.0
deep_otm,-140.0
deep_otm,286.0
deep_otm,1269.0
itm,-1291.0
itm,-413.0
itm,223.0
itm,-50.0
atm,-27.0
itm,1364.0
atm,3124.0
atm,2116.0
atm,762.0
atm,1565.0
atm,304.0
atm,1071.0
atm,1774.0
atm,1808.0
otm,1600.0
otm,809.0
otm,-102.0
atm,-731.0
atm,-269.0
atm,450.0
atm,173.0
otm,620.0
atm,1229.0
otm,3498.0
otm,2131.0
otm,701.0
otm,1787.0
otm,-515.0
otm,95.0
otm,1221.0
otm,1725.0
deep_otm,1297.0
deep_otm,337.0
deep_otm,-166.0
otm,-598.0
otm,-210.0
otm,301.0
otm,-162.0
deep_otm,-132.0
deep_otm,-724.0
deep_otm,171.0
deep_itm,-828.0
deep_itm,-462.0
deep_itm,-337.0
deep_itm,-1088.0
deep_itm,-2602.0
deep_itm,1078.0
deep_itm,909.0
deep_itm,-205.0
deep_itm,-658.0
deep_itm,1947.0
deep_itm,72.0
deep_itm,-5083.0
deep_itm,-6208.0
deep_itm,-573.0
deep_itm,334.0
deep_itm,-1666.0
deep_itm,539.0
deep_itm,375.0
deep_itm,-29.0
deep_itm,3925.0
deep_itm,2767.0
deep_itm,1905.0
deep_itm,-1646.0
deep_itm,-748.0
deep_itm,-291.0
deep_itm,-207.0
deep_itm,-5311.0
deep_itm,-609.0
deep_itm,-2158.0
deep_itm,-1872.0
deep_itm,-1771.0
deep_itm,-169.0
deep_itm,-5415.0
deep_itm,411.0
deep_itm,483.0
deep_itm,5440.0
deep_itm,-132.0
deep_itm,1747.0
deep_itm,-444.0
deep_itm,-221.0
deep_itm,-118.0
deep_itm,-2106.0
deep_itm,-2370.0
deep_itm,496.0
deep_itm,-1109.0
deep_itm,-6429.0
deep_itm,654.0
deep_itm,5026.0
deep_itm,-131.0
deep_itm,-902.0
deep_itm,-137.0
deep_itm,7481.0
deep_itm,-355.0
deep_itm,1066.0
deep_itm,-1520.0
deep_itm,-432.0
deep_itm,-573.0
deep_itm,-206.0
deep_itm,1221.0
deep_itm,-2100.0
deep_itm,-5686.0
deep_itm,1221.0
deep_itm,1641.0
deep_itm,309.0
deep_itm,1041.0
deep_itm,1113.0
deep_itm,-673.0
deep_itm,-623.0
deep_itm,-237.0
deep_itm,-2312.0
deep_itm,-538.0
deep_itm,-1958.0
deep_itm,962.0
deep_itm,-126.0
deep_itm,404.0
deep_itm,-2321.0
deep_itm,-5140.0
deep_itm,327.0
deep_itm,1470.0
deep_itm,1335.0
deep_itm,1117.0
deep_itm,1194.0
deep_itm,1067.0
deep_itm,1148.0
deep_itm,1551.0
deep_itm,2089.0
deep_itm,879.0
deep_itm,1912.0
deep_itm,1359.0
itm,1940.0
deep_itm,-388.0
deep_itm,-423.0
deep_itm,-36.0
deep_itm,-1082.0
deep_itm,-601.0
deep_itm,-33.0
deep_itm,-1668.0
deep_itm,-925.0
deep_itm,1113.0
deep_itm,415.0
deep_itm,-732.0
deep_itm,-1656.0
deep_itm,1473.0
deep_itm,-2760.0
deep_itm,-4943.0
deep_itm,-3160.0
deep_itm,-4720.0
deep_itm,-75.0
deep_itm,-72.0
deep_itm,-1025.0
deep_itm,-152.0
deep_itm,795.0
deep_itm,424.0
deep_itm,1896.0
deep_itm,2170.0
deep_itm,3863.0
deep_itm,2640.0
deep_itm,1016.0
deep_itm,1047.0
deep_itm,-913.0
deep_itm,45.0
deep_itm,1899.0
deep_itm,2870.0
deep_itm,1304.0
deep_itm,1314.0
deep_itm,728.0
deep_itm,971.0
deep_itm,1071.0
deep_itm,1203.0
deep_itm,1931.0
deep_itm,1879.0
deep_itm,1197.0
deep_itm,-299.0
itm,503.0
atm,2127.0
deep_itm,-398.0
deep_itm,-10.0
deep_itm,-73.0
deep_itm,-336.0
deep_itm,62.0
deep_itm,-1811.0
deep_itm,1880.0
deep_itm,-205.0
deep_itm,-405.0
deep_itm,-689.0
deep_itm,822.0
deep_itm,-612.0
deep_itm,-4795.0
deep_itm,-2231.0
deep_itm,708.0
deep_itm,-1975.0
deep_itm,313.0
deep_itm,-1073.0
deep_itm,-92.0
deep_itm,987.0
deep_itm,1901.0
deep_itm,140.0
deep_itm,1209.0
deep_itm,4541.0
deep_itm,2166.0
deep_itm,1482.0
deep_itm,1632.0
deep_itm,-504.0
deep_itm,864.0
deep_itm,2167.0
deep_itm,2683.0
deep_itm,2307.0
deep_itm,1473.0
deep_itm,1047.0
deep_itm,1330.0
deep_itm,1902.0
deep_itm,1202.0
deep_itm,1491.0
deep_itm,1099.0
deep_itm,1179.0
deep_itm,1094.0
deep_itm,1018.0
deep_itm,1120.0
deep_itm,1582.0
deep_itm,1748.0
deep_itm,1305.0
deep_itm,-376.0
deep_itm,97.0
itm,2790.0
itm,1226.0
atm,5869.0
deep_itm,-498.0
deep_itm,-492.0
deep_itm,7.0
deep_itm,-1110.0
deep_itm,-510.0
deep_itm,-341.0
deep_itm,-1644.0
deep_itm,-384.0
deep_itm,962.0
deep_itm,-147.0
deep_itm,304.0
deep_itm,290.0
deep_itm,-1240.0
deep_itm,362.0
deep_itm,-2425.0
deep_itm,-4948.0
deep_itm,-2983.0
deep_itm,-1535.0
deep_itm,889.0
deep_itm,-14.0
deep_itm,845.0
deep_itm,322.0
deep_itm,-1091.0
deep_itm,779.0
deep_itm,811.0
deep_itm,674.0
deep_itm,610.0
deep_itm,1715.0
deep_itm,4625.0
deep_itm,2784.0
deep_itm,936.0
deep_itm,1771.0
deep_itm,-537.0
deep_itm,780.0
deep_itm,2177.0
deep_itm,2298.0
deep_itm,2303.0
deep_itm,1543.0
deep_itm,1062.0
deep_itm,1663.0
deep_itm,2053.0
deep_itm,1385.0
deep_itm,1080.0
deep_itm,1185.0
deep_itm,1008.0
deep_itm,1075.0
deep_itm,1133.0
deep_itm,1513.0
deep_itm,375.0
deep_itm,599.0
itm,-427.0
deep_itm,-417.0
deep_itm,20.0
deep_itm,-1157.0
deep_itm,-688.0
deep_itm,-236.0
deep_itm,-1581.0
deep_itm,-584.0
deep_itm,1557.0
deep_itm,50.0
deep_itm,287.0
deep_itm,702.0
deep_itm,-1475.0
deep_itm,408.0
deep_itm,-2337.0
deep_itm,-4852.0
deep_itm,-2953.0
deep_itm,-4200.0
deep_itm,848.0
deep_itm,1069.0
deep_itm,487.0
deep_itm,-674.0
deep_itm,338.0
deep_itm,940.0
deep_itm,1016.0
deep_itm,977.0
deep_itm,1647.0
deep_itm,4502.0
deep_itm,3007.0
deep_itm,1175.0
deep_itm,1753.0
deep_itm,-783.0
deep_itm,963.0
deep_itm,2255.0
deep_itm,2846.0
deep_itm,2430.0
deep_itm,1340.0
deep_itm,1400.0
deep_itm,1643.0
deep_itm,2104.0
deep_itm,1294.0
deep_itm,706.0
deep_itm,1092.0
deep_itm,1154.0
deep_itm,1082.0
itm,1271.0
itm,834.0
itm,787.0
itm,604.0
itm,745.0
itm,1273.0
itm,1265.0
itm,1122.0
atm,-81.0
itm,-363.0
itm,-431.0
itm,-70.0
itm,-967.0
deep_itm,-755.0
itm,-267.0
deep_itm,-1620.0
deep_itm,-7.0
deep_itm,887.0
deep_itm,-131.0
deep_itm,-6.0
itm,568.0
itm,-1148.0
itm,436.0
deep_itm,-2277.0
deep_itm,-4879.0
deep_itm,-3134.0
deep_itm,-2266.0
deep_itm,559.0
deep_itm,-38.0
deep_itm,-17.0
deep_itm,520.0
deep_itm,-853.0
deep_itm,335.0
deep_itm,1138.0
deep_itm,1213.0
deep_itm,950.0
deep_itm,1967.0
deep_itm,4688.0
deep_itm,3168.0
deep_itm,1524.0
deep_itm,1588.0
deep_itm,-508.0
deep_itm,1157.0
deep_itm,2278.0
deep_itm,3316.0
deep_itm,2306.0
deep_itm,1329.0
deep_itm,1432.0
deep_itm,1750.0
deep_itm,2175.0
itm,1571.0
itm,1285.0
itm,1148.0
itm,1222.0
itm,1148.0
atm,1312.0
atm,-301.0
atm,-428.0
atm,-104.0
atm,-1136.0
itm,-305.0
itm,-175.0
itm,-1600.0
itm,-182.0
itm,1196.0
itm,-84.0
itm,284.0
atm,761.0
atm,-1073.0
itm,376.0
itm,-2237.0
deep_itm,-4683.0
deep_itm,-2651.0
deep_itm,-1749.0
deep_itm,772.0
deep_itm,800.0
deep_itm,612.0
deep_itm,571.0
deep_itm,-880.0
deep_itm,344.0
deep_itm,1184.0
deep_itm,1413.0
deep_itm,1137.0
deep_itm,2364.0
deep_itm,4906.0
deep_itm,3217.0
deep_itm,1603.0
deep_itm,1878.0
deep_itm,-130.0
deep_itm,1519.0
deep_itm,2573.0
deep_itm,3399.0
deep_itm,2574.0
itm,1561.0
itm,1617.0
itm,1794.0
itm,2369.0
atm,1573.0
itm,1182.0
atm,1234.0
atm,1099.0
atm,1049.0
atm,1214.0
atm,1146.0
atm,1366.0
atm,1372.0
atm,847.0
otm,1413.0
otm,1432.0
otm,1707.0
otm,1063.0
otm,1334.0
otm,2685.0
otm,3083.0
otm,-387.0
otm,-85.0
otm,108.0
otm,-745.0
atm,-537.0
otm,-138.0
atm,-1571.0
atm,29.0
atm,1145.0
atm,476.0
atm,350.0
otm,667.0
otm,-854.0
otm,622.0
atm,-2108.0
atm,-4657.0
itm,-2576.0
itm,-1542.0
itm,709.0
deep_itm,1052.0
deep_itm,505.0
deep_itm,561.0
deep_itm,-561.0
deep_itm,350.0
deep_itm,1475.0
deep_itm,1637.0
deep_itm,1752.0
deep_itm,2762.0
itm,5094.0
itm,3241.0
itm,1803.0
itm,1915.0
itm,50.0
itm,1775.0
itm,2644.0
itm,3436.0
atm,2658.0
atm,1695.0
atm,1908.0
atm,1945.0
atm,2435.0
otm,1633.0
otm,1223.0
otm,1298.0
otm,1056.0
otm,1159.0
otm,1408.0
otm,1582.0
deep_otm,1694.0
deep_otm,1642.0
otm,1372.0
deep_otm,2073.0
deep_otm,-271.0
deep_otm,6.0
deep_otm,190.0
deep_otm,-740.0
otm,189.0
deep_otm,149.0
otm,-1600.0
otm,557.0
otm,1630.0
otm,964.0
otm,1099.0
deep_otm,1096.0
deep_otm,-738.0
deep_otm,939.0
otm,-1895.0
otm,-4107.0
otm,-2099.0
atm,-1084.0
atm,1000.0
itm,1020.0
itm,645.0
itm,557.0
itm,-730.0
itm,352.0
itm,1650.0
itm,1730.0
atm,1665.0
itm,2951.0
atm,5470.0
atm,3517.0
atm,1814.0
atm,1972.0
atm,165.0
atm,1790.0
atm,2703.0
atm,3526.0
otm,3048.0
deep_otm,-290.0
deep_otm,19.0
deep_otm,156.0
deep_otm,-762.0
deep_otm,-63.0
deep_otm,135.0
deep_otm,-1407.0
deep_otm,533.0
deep_otm,2711.0
deep_otm,724.0
deep_otm,760.0
deep_otm,1880.0
deep_otm,-1026.0
deep_otm,1116.0
deep_otm,-1737.0
deep_otm,-3953.0
otm,-923.0
otm,268.0
otm,1965.0
atm,1275.0
atm,796.0
atm,684.0
atm,-518.0
atm,318.0
atm,1707.0
atm,1520.0
otm,1818.0
atm,3026.0
otm,5734.0
otm,3572.0
otm,1951.0
otm,2079.0
otm,67.0
otm,1613.0
otm,2573.0
otm,3311.0
deep_otm,2224.0
deep_otm,-201.0
deep_otm,472.0
deep_otm,828.0
deep_otm,661.0
deep_otm,526.0
deep_otm,299.0
deep_otm,-1313.0
deep_otm,2047.0
deep_otm,660.0
deep_otm,2044.0
deep_otm,1111.0
deep_otm,1071.0
deep_otm,-1824.0
deep_otm,-4193.0
deep_otm,416.0
deep_otm,-36.0
deep_otm,1104.0
otm,1388.0
otm,320.0
otm,686.0
otm,-380.0
otm,145.0
otm,1940.0
deep_otm,791.0
deep_otm,213.0
deep_otm,511.0
deep_otm,-345.0
deep_otm,1599.0
deep_otm,-457.0
deep_otm,-4843.0
deep_otm,-1300.0
deep_otm,-1129.0
deep_otm,-208.0
deep_otm,-56.0
deep_otm,3667.0
deep_otm,514.0
deep_otm,729.0
deep_otm,-613.0
deep_itm,-474.0
deep_itm,980.0
deep_itm,321.0
deep_itm,313.0
deep_itm,152.0
deep_itm,397.0
deep_itm,838.0
deep_itm,2282.0
deep_itm,-394.0
deep_itm,-272.0
deep_itm,30.0
deep_itm,-23.0
deep_itm,163.0
deep_itm,-177.0
deep_itm,193.0
deep_itm,1036.0
deep_itm,545.0
deep_itm,189.0
deep_itm,584.0
deep_itm,390.0
deep_itm,102.0
deep_itm,-360.0
deep_itm,-935.0
deep_itm,523.0
deep_itm,463.0
deep_itm,221.0
deep_itm,262.0
deep_itm,400.0
deep_itm,785.0
deep_itm,945.0
deep_itm,2063.0
deep_itm,4116.0
deep_itm,1428.0
deep_itm,878.0
deep_itm,1284.0
deep_itm,2224.0
deep_itm,942.0
deep_itm,1033.0
deep_itm,2332.0
deep_itm,866.0
deep_itm,434.0
deep_itm,1112.0
deep_itm,1336.0
deep_itm,1230.0
deep_itm,884.0
deep_itm,1082.0
deep_itm,234.0
deep_itm,1186.0
deep_itm,1631.0
deep_itm,-480.0
deep_itm,-523.0
deep_itm,19.0
deep_itm,-207.0
deep_itm,-184.0
deep_itm,-71.0
deep_itm,129.0
deep_itm,913.0
deep_itm,221.0
deep_itm,64.0
deep_itm,393.0
deep_itm,567.0
deep_itm,330.0
deep_itm,-319.0
deep_itm,-1411.0
deep_itm,596.0
deep_itm,303.0
deep_itm,-210.0
deep_itm,348.0
deep_itm,487.0
deep_itm,777.0
deep_itm,1256.0
deep_itm,2075.0
deep_itm,3487.0
deep_itm,1457.0
deep_itm,925.0
deep_itm,854.0
deep_itm,1394.0
deep_itm,2377.0
deep_itm,928.0
deep_itm,995.0
itm,2299.0
itm,1004.0
itm,726.0
deep_itm,969.0
deep_itm,1374.0
itm,996.0
itm,708.0
itm,999.0
itm,130.0
itm,1113.0
itm,1597.0
itm,2638.0
itm,1742.0
itm,1119.0
itm,1319.0
deep_itm,-432.0
deep_itm,-282.0
deep_itm,32.0
deep_itm,-251.0
deep_itm,-333.0
deep_itm,100.0
deep_itm,208.0
deep_itm,1003.0
deep_itm,387.0
deep_itm,69.0
deep_itm,416.0
deep_itm,298.0
deep_itm,634.0
deep_itm,-92.0
deep_itm,-1331.0
deep_itm,539.0
deep_itm,294.0
deep_itm,-17.0
deep_itm,405.0
deep_itm,540.0
deep_itm,1004.0
deep_itm,1324.0
deep_itm,1794.0
deep_itm,3357.0
deep_itm,1439.0
deep_itm,1054.0
deep_itm,673.0
deep_itm,1417.0
itm,2438.0
itm,730.0
itm,943.0
itm,2334.0
atm,1030.0
itm,661.0
itm,839.0
itm,1280.0
atm,812.0
atm,667.0
atm,754.0
atm,-58.0
atm,1007.0
atm,1888.0
atm,1657.0
atm,1285.0
atm,1804.0
atm,1680.0
itm,1758.0
itm,859.0
itm,-405.0
deep_itm,-349.0
deep_itm,-73.0
deep_itm,-257.0
deep_itm,-319.0
deep_itm,61.0
deep_itm,272.0
deep_itm,1064.0
itm,465.0
deep_itm,194.0
deep_itm,446.0
itm,512.0
itm,655.0
deep_itm,122.0
deep_itm,-1184.0
deep_itm,447.0
deep_itm,125.0
deep_itm,-94.0
deep_itm,258.0
deep_itm,497.0
deep_itm,1198.0
deep_itm,1564.0
deep_itm,2073.0
deep_itm,3648.0
itm,1581.0
itm,1237.0
itm,933.0
itm,1571.0
itm,2486.0
atm,807.0
atm,1113.0
atm,2478.0
otm,963.0
atm,599.0
atm,847.0
atm,1241.0
atm,958.0
atm,528.0
atm,655.0
otm,-78.0
atm,955.0
atm,1931.0
otm,3167.0
otm,3042.0
otm,1492.0
otm,1715.0
atm,1783.0
atm,1729.0
atm,1931.0
itm,1800.0
atm,2922.0
atm,-355.0
itm,-204.0
itm,-5.0
itm,-247.0
itm,-207.0
itm,104.0
itm,186.0
itm,995.0
atm,368.0
itm,248.0
itm,441.0
itm,627.0
itm,789.0
itm,84.0
itm,-1245.0
deep_itm,611.0
itm,54.0
itm,-116.0
itm,614.0
deep_itm,631.0
deep_itm,1305.0
itm,1623.0
itm,2083.0
itm,3289.0
atm,1745.0
atm,1675.0
atm,1444.0
atm,1637.0
atm,2505.0
atm,731.0
otm,1041.0
otm,2266.0
otm,728.0
otm,447.0
otm,738.0
otm,1280.0
otm,844.0
otm,589.0
otm,821.0
otm,-39.0
otm,981.0
otm,1985.0
otm,3359.0
deep_otm,2722.0
otm,1845.0
otm,2066.0
otm,2034.0
otm,2304.0
otm,2563.0
atm,1707.0
atm,2446.0
atm,2441.0
otm,2268.0
otm,2319.0
otm,2541.0
otm,2539.0
otm,2328.0
otm,2520.0
otm,2448.0
otm,2125.0
otm,2736.0
otm,3069.0
otm,3600.0
atm,-110.0
atm,-106.0
atm,-44.0
atm,-318.0
atm,-387.0
atm,11.0
atm,134.0
atm,911.0
atm,387.0
atm,307.0
atm,400.0
atm,664.0
atm,770.0
atm,286.0
atm,-1066.0
itm,795.0
atm,747.0
itm,495.0
itm,534.0
itm,643.0
itm,1179.0
itm,1496.0
atm,2023.0
atm,3424.0
atm,1761.0
atm,1354.0
otm,1336.0
otm,1513.0
otm,2665.0
otm,811.0
otm,1078.0
deep_otm,2314.0
otm,649.0
otm,-60.0
otm,-80.0
otm,173.0
otm,-49.0
otm,-209.0
otm,182.0
otm,380.0
otm,944.0
otm,575.0
otm,490.0
otm,539.0
otm,880.0
otm,1104.0
otm,1586.0
otm,325.0
otm,2846.0
otm,2210.0
otm,1345.0
otm,847.0
atm,931.0
atm,1433.0
otm,1730.0
otm,2313.0
otm,769.0
deep_otm,2071.0
deep_otm,853.0
deep_otm,1630.0
deep_otm,6596.0
deep_otm,1722.0
deep_otm,492.0
deep_otm,187.0
deep_otm,776.0
deep_otm,1679.0
deep_otm,192.0
deep_otm,-259.0
deep_otm,742.0
deep_otm,-205.0
deep_otm,-397.0
deep_otm,284.0
deep_otm,1833.0
deep_otm,-719.0
deep_otm,-316.0
deep_otm,-209.0
deep_otm,738.0
deep_itm,-131.0
deep_itm,1110.0
deep_itm,1038.0
deep_itm,-3684.0
itm,-3660.0
deep_itm,-3128.0
deep_itm,-170.0
deep_itm,-616.0
deep_itm,201.0
deep_itm,-116.0
deep_itm,272.0
deep_itm,81.0
deep_itm,2049.0
deep_itm,31.0
atm,-3246.0
itm,-1609.0
itm,21.0
itm,73.0
itm,-82.0
itm,58.0
itm,-117.0
itm,357.0
deep_itm,211.0
deep_itm,82.0
deep_itm,163.0
deep_itm,8.0
deep_itm,360.0
deep_itm,-95.0
deep_itm,235.0
deep_itm,200.0
deep_itm,742.0
deep_itm,641.0
deep_itm,636.0
deep_itm,567.0
deep_itm,952.0
deep_itm,1240.0
deep_itm,2047.0
deep_itm,1181.0
deep_itm,1071.0
deep_itm,1701.0
deep_itm,1731.0
deep_itm,1232.0
deep_itm,227.0
deep_itm,1305.0
deep_itm,1275.0
deep_itm,1246.0
deep_itm,1384.0
deep_itm,1365.0
deep_itm,1937.0
deep_itm,2067.0
deep_itm,2925.0
deep_itm,5581.0
deep_itm,2554.0
deep_itm,1540.0
deep_itm,1284.0
deep_itm,2257.0
itm,3445.0
itm,1448.0
itm,1540.0
atm,2165.0
otm,-3560.0
atm,-2063.0
atm,-23.0
atm,144.0
atm,-247.0
atm,-79.0
atm,-88.0
atm,304.0
itm,181.0
itm,3.0
itm,131.0
itm,282.0
itm,344.0
itm,-26.0
itm,-313.0
itm,288.0
itm,256.0
deep_itm,-180.0
deep_itm,755.0
deep_itm,561.0
deep_itm,583.0
deep_itm,1006.0
deep_itm,1228.0
deep_itm,2225.0
itm,1265.0
deep_itm,1215.0
deep_itm,1755.0
itm,1815.0
itm,1302.0
deep_itm,1163.0
deep_itm,193.0
deep_itm,1467.0
deep_itm,1534.0
deep_itm,1471.0
deep_itm,1542.0
deep_itm,1569.0
deep_itm,2087.0
deep_itm,2417.0
deep_itm,3165.0
deep_itm,5774.0
itm,2568.0
itm,1505.0
itm,1581.0
itm,2567.0
itm,3797.0
atm,1567.0
atm,1939.0
atm,3427.0
otm,2281.0
atm,1289.0
atm,1917.0
atm,1626.0
atm,2478.0
atm,510.0
atm,3078.0
otm,-3245.0
otm,-2374.0
otm,-59.0
otm,166.0
otm,-192.0
otm,-154.0
otm,-163.0
atm,340.0
atm,191.0
atm,32.0
atm,348.0
atm,261.0
atm,162.0
atm,175.0
atm,-111.0
atm,151.0
atm,651.0
itm,438.0
itm,744.0
itm,586.0
itm,636.0
itm,979.0
itm,1241.0
itm,2197.0
atm,1364.0
itm,1278.0
itm,1974.0
itm,1849.0
itm,1639.0
itm,1382.0
itm,373.0
deep_itm,1617.0
itm,1721.0
itm,1637.0
itm,1928.0
deep_itm,1849.0
deep_itm,2506.0
itm,2840.0
itm,3482.0
itm,5910.0
atm,2566.0
atm,1526.0
atm,1457.0
atm,2913.0
atm,3801.0
deep_otm,-3176.0
deep_otm,-2316.0
otm,-98.0
otm,73.0
otm,23.0
otm,-81.0
otm,-274.0
otm,226.0
otm,219.0
otm,124.0
atm,484.0
atm,520.0
atm,752.0
otm,732.0
otm,250.0
atm,630.0
atm,864.0
atm,594.0
atm,691.0
atm,534.0
atm,575.0
atm,846.0
atm,1089.0
atm,2122.0
atm,1371.0
atm,1282.0
atm,1910.0
atm,2151.0
atm,1741.0
atm,1485.0
atm,64.0
itm,1483.0
atm,1683.0
itm,1768.0
itm,1955.0
itm,1809.0
itm,2273.0
itm,2748.0
atm,3682.0
atm,5868.0
atm,2785.0
deep_otm,-3430.0
deep_otm,-2729.0
deep_otm,117.0
deep_otm,158.0
deep_otm,-66.0
deep_otm,125.0
deep_otm,-135.0
deep_otm,398.0
deep_otm,153.0
deep_otm,171.0
deep_otm,466.0
deep_otm,1063.0
deep_otm,1317.0
deep_otm,748.0
deep_otm,241.0
otm,823.0
otm,1240.0
otm,531.0
otm,699.0
otm,470.0
otm,448.0
otm,826.0
otm,1104.0
otm,2084.0
otm,1305.0
otm,1566.0
otm,2025.0
otm,2547.0
otm,2529.0
otm,1398.0
otm,-354.0
otm,1379.0
otm,1677.0
otm,1697.0
otm,1935.0
atm,2114.0
atm,2498.0
otm,3040.0
otm,3849.0
otm,5841.0
otm,2537.0
deep_otm,5566.0
deep_otm,-3998.0
deep_otm,-1954.0
deep_otm,149.0
deep_otm,712.0
deep_otm,1925.0
deep_otm,2437.0
deep_otm,735.0
deep_otm,2569.0
deep_otm,12.0
deep_otm,463.0
deep_otm,2178.0
deep_otm,1700.0
deep_otm,1985.0
deep_otm,4491.0
deep_otm,-1812.0
deep_otm,-1720.0
deep_otm,205.0
deep_otm,590.0
deep_otm,742.0
deep_otm,587.0
deep_otm,71.0
deep_otm,-221.0
deep_otm,236.0
deep_otm,1691.0
deep_otm,1742.0
deep_otm,-113.0
deep_otm,1787.0
deep_otm,1361.0
deep_otm,1363.0
deep_otm,2048.0
deep_otm,2275.0
deep_otm,2431.0
deep_otm,2717.0
deep_otm,3026.0
deep_otm,4902.0
deep_itm,-156.0
deep_itm,-270.0
deep_itm,-293.0
deep_itm,-199.0
deep_itm,-396.0
deep_itm,-1254.0
deep_itm,-920.0
deep_itm,-2223.0
deep_itm,-954.0
deep_itm,432.0
deep_itm,1030.0
deep_itm,-138.0
deep_itm,-259.0
deep_itm,-181.0
deep_itm,-283.0
deep_itm,-254.0
deep_itm,-653.0
deep_itm,-1177.0
deep_itm,-345.0
deep_itm,-2123.0
deep_itm,-3573.0
deep_itm,2040.0
deep_itm,406.0
deep_itm,454.0
itm,-224.0
itm,-250.0
itm,-231.0
itm,-73.0
deep_itm,-221.0
itm,-709.0
deep_itm,-1154.0
deep_itm,-618.0
deep_itm,-2069.0
deep_itm,-3229.0
deep_itm,-2568.0
deep_itm,172.0
deep_itm,491.0
deep_itm,16.0
deep_itm,1287.0
deep_itm,1087.0
deep_itm,745.0
deep_itm,1408.0
deep_itm,1286.0
deep_itm,1571.0
atm,-199.0
atm,-257.0
atm,-256.0
atm,78.0
atm,-393.0
atm,-794.0
itm,-1162.0
itm,-624.0
itm,-2046.0
deep_itm,-3538.0
deep_itm,-2921.0
deep_itm,526.0
deep_itm,452.0
deep_itm,843.0
deep_itm,85.0
deep_itm,885.0
deep_itm,840.0
deep_itm,634.0
deep_itm,821.0
deep_itm,855.0
deep_itm,1098.0
deep_itm,883.0
deep_itm,901.0
deep_itm,2194.0
otm,-127.0
otm,-165.0
otm,-79.0
otm,154.0
atm,-209.0
otm,-478.0
atm,-1241.0
atm,-711.0
atm,-2005.0
itm,-3431.0
itm,-2616.0
itm,-2724.0
deep_itm,-2333.0
deep_itm,611.0
deep_itm,729.0
deep_itm,653.0
deep_itm,851.0
deep_itm,479.0
deep_itm,949.0
deep_itm,892.0
deep_itm,873.0
deep_itm,929.0
deep_itm,975.0
deep_itm,959.0
deep_itm,845.0
deep_itm,958.0
deep_itm,1185.0
deep_itm,1131.0
deep_itm,1584.0
deep_itm,1869.0
deep_itm,1754.0
deep_itm,534.0
deep_itm,1597.0
deep_itm,2646.0
deep_itm,2017.0
deep_itm,2086.0
otm,3.0
deep_otm,-78.0
deep_otm,-85.0
deep_otm,13.0
otm,-38.0
deep_otm,-588.0
otm,-1317.0
otm,-820.0
otm,-2338.0
atm,-3575.0
atm,-3088.0
atm,-3084.0
itm,-2570.0
itm,678.0
itm,771.0
itm,674.0
itm,933.0
itm,802.0
itm,1021.0
deep_itm,937.0
deep_itm,975.0
deep_itm,848.0
deep_itm,1084.0
deep_itm,1122.0
deep_itm,1106.0
deep_itm,962.0
deep_itm,1125.0
deep_itm,1114.0
deep_itm,903.0
deep_itm,783.0
deep_itm,1653.0
deep_itm,2535.0
deep_itm,1799.0
deep_itm,1927.0
deep_itm,1358.0
deep_itm,1865.0
deep_itm,2023.0
deep_itm,1878.0
itm,2242.0
itm,1796.0
itm,2229.0
atm,2056.0
atm,2000.0
deep_otm,93.0
deep_otm,-286.0
deep_otm,70.0
deep_otm,171.0
deep_otm,11.0
deep_otm,-612.0
deep_otm,-1432.0
deep_otm,-423.0
otm,-2674.0
otm,-3788.0
otm,-2936.0
otm,-3808.0
atm,-2965.0
atm,677.0
atm,846.0
atm,589.0
atm,861.0
atm,721.0
atm,1125.0
itm,1007.0
itm,1016.0
itm,1096.0
itm,1070.0
itm,1156.0
itm,1213.0
itm,923.0
itm,1277.0
itm,1440.0
deep_itm,1512.0
deep_itm,1444.0
deep_itm,1193.0
deep_itm,879.0
deep_itm,2310.0
itm,1856.0
deep_itm,1963.0
deep_itm,2306.0
itm,2015.0
itm,1877.0
deep_itm,1820.0
deep_itm,2330.0
deep_itm,2362.0
itm,2994.0
deep_otm,-133.0
deep_otm,-110.0
deep_otm,330.0
deep_otm,-39.0
deep_otm,-41.0
deep_otm,-592.0
deep_otm,-1376.0
deep_otm,-637.0
deep_otm,-2912.0
deep_otm,-3729.0
otm,-2918.0
otm,-3716.0
otm,-3557.0
otm,919.0
otm,904.0
otm,524.0
otm,770.0
otm,833.0
atm,1232.0
atm,1110.0
atm,1086.0
atm,1146.0
atm,1044.0
atm,1155.0
atm,1183.0
atm,842.0
atm,1250.0
atm,1512.0
itm,1489.0
itm,1406.0
itm,1128.0
itm,1321.0
itm,1577.0
itm,1560.0
itm,2332.0
atm,2212.0
itm,2015.0
itm,2162.0
itm,2272.0
itm,2424.0
itm,2357.0
itm,1017.0
deep_itm,3276.0
itm,1710.0
itm,4200.0
deep_otm,171.0
deep_otm,30.0
deep_otm,-43.0
deep_otm,-129.0
deep_otm,-56.0
deep_otm,-378.0
deep_otm,-1320.0
deep_otm,-701.0
deep_otm,-2796.0
deep_otm,-3693.0
deep_otm,-2690.0
deep_otm,-3345.0
deep_otm,-2935.0
otm,702.0
otm,775.0
otm,510.0
otm,763.0
otm,658.0
otm,1209.0
otm,1083.0
otm,939.0
atm,988.0
atm,926.0
atm,1041.0
otm,1063.0
otm,823.0
atm,1380.0
atm,1684.0
atm,1403.0
atm,1309.0
atm,1234.0
atm,1009.0
atm,1195.0
atm,1562.0
atm,2568.0
atm,2139.0
atm,2028.0
atm,1988.0
atm,2286.0
atm,2421.0
atm,2269.0
atm,1180.0
itm,2771.0
atm,3390.0
itm,3152.0
itm,3718.0
itm,3095.0
atm,6203.0
atm,4076.0
deep_otm,-292.0
deep_otm,173.0
deep_otm,1719.0
deep_otm,130.0
deep_otm,-746.0
deep_otm,-448.0
deep_otm,-2835.0
deep_otm,-3273.0
deep_otm,-2797.0
deep_otm,-3082.0
deep_otm,-1928.0
deep_otm,499.0
deep_otm,1138.0
deep_otm,482.0
deep_otm,694.0
deep_otm,586.0
deep_otm,1052.0
deep_otm,1034.0
deep_otm,783.0
deep_otm,764.0
deep_otm,1120.0
deep_otm,896.0
deep_otm,702.0
otm,1453.0
otm,1986.0
otm,2838.0
otm,1649.0
otm,3724.0
otm,3853.0
otm,2256.0
otm,2677.0
otm,1801.0
otm,3266.0
otm,5169.0
deep_otm,1959.0
deep_otm,-168.0
deep_otm,-2460.0
deep_otm,-1952.0
deep_otm,-2733.0
deep_otm,887.0
deep_otm,986.0
deep_otm,504.0
deep_otm,622.0
deep_otm,1031.0
deep_otm,720.0
deep_otm,1320.0
deep_otm,2509.0
deep_otm,72.0
deep_otm,25.0
deep_otm,312.0
deep_otm,2054.0
deep_otm,-141.0
deep_otm,-212.0
deep_otm,358.0
deep_otm,-695.0
deep_otm,-3048.0
deep_otm,-1927.0
deep_otm,-1939.0
deep_otm,453.0
deep_otm,1668.0
deep_otm,1374.0
deep_otm,1106.0
deep_otm,492.0
deep_otm,1380.0
deep_otm,1041.0
deep_otm,1599.0
deep_otm,1309.0
deep_otm,871.0
deep_otm,-251.0
deep_otm,637.0
deep_otm,1365.0
deep_otm,1519.0
deep_otm,2348.0
deep_otm,1675.0
deep_otm,2265.0
deep_otm,1582.0
deep_otm,4858.0
deep_otm,1926.0
deep_otm,2005.0
deep_otm,855.0
itm,-94.0
itm,-80.0
deep_itm,-75.0
itm,518.0
itm,-194.0
itm,-591.0
deep_itm,-234.0
deep_itm,-172.0
deep_itm,430.0
deep_itm,311.0
deep_itm,289.0
deep_itm,292.0
deep_itm,138.0
deep_itm,114.0
deep_itm,136.0
deep_itm,80.0
deep_itm,-1100.0
deep_itm,-835.0
deep_itm,-50.0
deep_itm,291.0
deep_itm,233.0
deep_itm,365.0
deep_itm,319.0
deep_itm,514.0
deep_itm,392.0
deep_itm,362.0
deep_itm,427.0
deep_itm,165.0
deep_itm,158.0
atm,-84.0
itm,-192.0
itm,-92.0
itm,493.0
atm,-107.0
itm,-551.0
itm,-31.0
itm,60.0
deep_itm,-22.0
deep_itm,63.0
itm,108.0
itm,259.0
itm,276.0
itm,96.0
itm,178.0
itm,8.0
deep_itm,-1117.0
deep_itm,-736.0
deep_itm,125.0
deep_itm,29.0
deep_itm,-91.0
deep_itm,594.0
deep_itm,510.0
deep_itm,448.0
deep_itm,304.0
deep_itm,634.0
deep_itm,397.0
deep_itm,370.0
deep_itm,415.0
deep_itm,243.0
deep_itm,200.0
deep_itm,-533.0
deep_itm,-50.0
deep_itm,-1485.0
deep_itm,-2752.0
deep_itm,-2690.0
deep_itm,-2491.0
otm,48.0
atm,-195.0
atm,-182.0
otm,671.0
otm,-289.0
otm,-129.0
atm,159.0
atm,-135.0
atm,106.0
atm,342.0
atm,111.0
atm,272.0
atm,579.0
atm,266.0
atm,270.0
atm,79.0
atm,-1105.0
itm,-1043.0
itm,-257.0
deep_itm,-159.0
itm,-236.0
deep_itm,227.0
deep_itm,520.0
itm,299.0
deep_itm,312.0
itm,602.0
itm,516.0
itm,472.0
itm,404.0
deep_itm,236.0
itm,14.0
deep_itm,-504.0
deep_itm,-64.0
deep_itm,-1277.0
deep_itm,-2847.0
deep_itm,-2758.0
deep_itm,-2491.0
deep_itm,-2828.0
deep_otm,110.0
otm,-78.0
otm,-170.0
otm,684.0
deep_otm,-257.0
deep_otm,-39.0
otm,231.0
otm,23.0
otm,116.0
otm,320.0
otm,300.0
otm,104.0
otm,329.0
otm,165.0
otm,310.0
otm,107.0
otm,-1066.0
atm,-633.0
atm,-365.0
atm,-510.0
atm,-383.0
itm,-108.0
itm,383.0
atm,305.0
atm,278.0
atm,550.0
atm,514.0
atm,478.0
atm,350.0
atm,122.0
atm,-112.0
itm,-739.0
itm,-54.0
itm,-1390.0
deep_itm,-2928.0
deep_itm,-2838.0
deep_itm,-2727.0
deep_itm,-2770.0
deep_otm,141.0
deep_otm,66.0
deep_otm,-166.0
deep_otm,818.0
deep_otm,-115.0
deep_otm,-77.0
deep_otm,4.0
deep_otm,31.0
deep_otm,-148.0
deep_otm,114.0
deep_otm,266.0
deep_otm,-53.0
deep_otm,419.0
deep_otm,286.0
deep_otm,139.0
deep_otm,92.0
deep_otm,-1092.0
otm,-585.0
otm,-235.0
otm,179.0
otm,-260.0
atm,54.0
atm,462.0
otm,443.0
atm,324.0
otm,563.0
otm,481.0
otm,395.0
otm,293.0
atm,20.0
otm,-186.0
atm,-928.0
atm,-124.0
atm,-1619.0
itm,-3051.0
itm,-2974.0
itm,-2763.0
deep_itm,-2742.0
deep_itm,1147.0
deep_itm,1067.0
deep_itm,921.0
deep_itm,1535.0
deep_itm,1780.0
deep_itm,3126.0
deep_itm,2031.0
deep_itm,2308.0
deep_otm,51.0
deep_otm,-24.0
deep_otm,-253.0
deep_otm,795.0
deep_otm,-16.0
deep_otm,-457.0
deep_otm,-115.0
deep_otm,-101.0
deep_otm,-154.0
deep_otm,22.0
deep_otm,221.0
deep_otm,174.0
deep_otm,485.0
deep_otm,698.0
deep_otm,86.0
deep_otm,57.0
deep_otm,-1102.0
deep_otm,-686.0
deep_otm,-26.0
otm,234.0
deep_otm,81.0
otm,45.0
otm,558.0
otm,433.0
otm,1307.0
otm,634.0
deep_otm,449.0
deep_otm,409.0
deep_otm,246.0
otm,169.0
deep_otm,-211.0
otm,-861.0
otm,-324.0
otm,-1899.0
atm,-3137.0
atm,-2992.0
atm,-2699.0
itm,-2857.0
itm,1204.0
itm,1494.0
itm,1126.0
deep_otm,87.0
deep_otm,-161.0
deep_otm,67.0
deep_otm,878.0
deep_otm,646.0
deep_otm,-407.0
deep_otm,-216.0
deep_otm,-36.0
deep_otm,116.0
deep_otm,68.0
deep_otm,455.0
deep_otm,108.0
deep_otm,223.0
deep_otm,259.0
deep_otm,225.0
deep_otm,246.0
deep_otm,-920.0
deep_otm,-370.0
deep_otm,36.0
deep_otm,-211.0
deep_otm,211.0
deep_otm,-8.0
deep_otm,372.0
deep_otm,455.0
deep_otm,307.0
deep_otm,713.0
deep_otm,454.0
deep_otm,369.0
deep_otm,464.0
deep_otm,154.0
deep_otm,-143.0
deep_otm,-794.0
deep_otm,-266.0
otm,-2049.0
otm,-3213.0
otm,-3133.0
otm,-2466.0
atm,-2760.0
atm,1284.0
atm,1334.0
atm,1342.0
deep_itm,1349.0
itm,995.0
itm,1860.0
deep_otm,129.0
deep_otm,-32.0
deep_otm,41.0
deep_otm,511.0
deep_otm,323.0
deep_otm,-326.0
deep_otm,231.0
deep_otm,95.0
deep_otm,1617.0
deep_otm,278.0
deep_otm,271.0
deep_otm,500.0
deep_otm,714.0
deep_otm,217.0
deep_otm,270.0
deep_otm,318.0
deep_otm,-930.0
deep_otm,-517.0
deep_otm,-96.0
deep_otm,260.0
deep_otm,294.0
deep_otm,809.0
deep_otm,804.0
deep_otm,674.0
deep_otm,779.0
deep_otm,844.0
deep_otm,461.0
deep_otm,325.0
deep_otm,424.0
deep_otm,199.0
deep_otm,-90.0
deep_otm,-496.0
deep_otm,-303.0
deep_otm,-1766.0
deep_otm,-3341.0
otm,-3173.0
otm,-2720.0
otm,-2445.0
otm,1182.0
otm,1333.0
otm,1434.0
otm,1747.0
otm,1758.0
atm,2160.0
atm,1758.0
atm,2136.0
atm,1817.0
atm,3299.0
atm,3568.0
atm,2013.0
atm,1933.0
atm,3338.0
itm,2697.0
itm,2514.0
itm,3360.0
itm,3624.0
itm,4923.0
itm,7676.0
atm,1712.0
deep_otm,125.0
deep_otm,-82.0
deep_otm,-251.0
deep_otm,47.0
deep_otm,-483.0
deep_otm,-368.0
deep_otm,-728.0
deep_otm,-234.0
deep_otm,437.0
deep_otm,1122.0
deep_otm,595.0
deep_otm,988.0
deep_otm,-432.0
deep_otm,-296.0
deep_otm,-356.0
deep_otm,741.0
deep_otm,188.0
deep_otm,-2.0
deep_otm,465.0
deep_otm,555.0
deep_otm,748.0
deep_otm,868.0
deep_otm,1086.0
deep_otm,666.0
deep_otm,618.0
deep_otm,493.0
deep_otm,459.0
deep_otm,-957.0
deep_otm,-721.0
deep_otm,-2234.0
deep_otm,-3252.0
deep_otm,-3320.0
deep_otm,-2981.0
deep_otm,-3181.0
otm,1118.0
otm,1725.0
otm,1658.0
otm,2047.0
atm,2849.0
otm,3491.0
otm,3419.0
atm,3615.0
atm,2724.0
atm,4425.0
atm,3557.0
atm,4655.0
atm,4193.0
atm,4488.0
atm,4928.0
itm,4991.0
deep_otm,756.0
deep_otm,35.0
deep_otm,4582.0
deep_otm,2759.0
deep_otm,219.0
deep_otm,6932.0
deep_itm,-262.0
deep_itm,-388.0
deep_itm,-302.0
deep_itm,475.0
deep_itm,281.0
deep_itm,106.0
deep_itm,600.0
deep_itm,96.0
itm,104.0
itm,21.0
itm,505.0
itm,152.0
atm,-7.0
atm,-71.0
atm,374.0
atm,122.0
atm,215.0
atm,256.0
itm,198.0
itm,323.0
itm,854.0
atm,-241.0
itm,-210.0
itm,178.0
itm,199.0
deep_itm,135.0
deep_itm,333.0
itm,497.0
itm,402.0
itm,731.0
itm,607.0
itm,603.0
itm,368.0
deep_itm,-730.0
deep_itm,-189.0
deep_itm,292.0
deep_itm,296.0
deep_itm,438.0
deep_itm,565.0
deep_itm,916.0
deep_itm,606.0
deep_itm,667.0
atm,-235.0
itm,-394.0
itm,-221.0
itm,560.0
itm,271.0
itm,190.0
itm,492.0
atm,54.0
atm,-38.0
atm,454.0
atm,736.0
otm,563.0
otm,262.0
otm,523.0
otm,430.0
otm,232.0
otm,347.0
otm,410.0
atm,276.0
atm,375.0
otm,1700.0
otm,991.0
otm,511.0
atm,803.0
atm,411.0
atm,211.0
atm,579.0
atm,545.0
atm,475.0
atm,666.0
atm,605.0
atm,688.0
atm,430.0
atm,-764.0
itm,-142.0
itm,188.0
deep_itm,215.0
itm,491.0
deep_itm,599.0
deep_itm,967.0
itm,690.0
deep_itm,621.0
itm,514.0
otm,-81.0
atm,-273.0
atm,-141.0
atm,603.0
atm,569.0
atm,534.0
atm,576.0
otm,52.0
otm,-37.0
otm,241.0
otm,887.0
deep_otm,592.0
deep_otm,699.0
deep_otm,667.0
deep_otm,569.0
deep_otm,431.0
deep_otm,391.0
deep_otm,364.0
otm,200.0
otm,184.0
otm,1355.0
deep_otm,968.0
deep_otm,500.0
otm,597.0
otm,721.0
otm,492.0
otm,778.0
otm,513.0
otm,464.0
otm,677.0
otm,597.0
otm,754.0
otm,507.0
otm,-709.0
atm,-62.0
atm,167.0
atm,195.0
atm,521.0
itm,646.0
itm,898.0
atm,723.0
atm,540.0
atm,1254.0
atm,564.0
otm,-119.0
otm,-131.0
otm,-14.0
otm,251.0
otm,56.0
otm,269.0
otm,681.0
deep_otm,331.0
deep_otm,-82.0
deep_otm,654.0
deep_otm,679.0
deep_otm,393.0
deep_otm,406.0
deep_otm,549.0
deep_otm,414.0
deep_otm,381.0
deep_otm,1040.0
deep_otm,414.0
deep_otm,266.0
deep_otm,55.0
deep_otm,955.0
deep_otm,651.0
deep_otm,544.0
deep_otm,575.0
deep_otm,461.0
deep_otm,114.0
deep_otm,483.0
deep_otm,441.0
deep_otm,377.0
deep_otm,820.0
deep_otm,611.0
deep_otm,820.0
deep_otm,600.0
deep_otm,-679.0
otm,-177.0
otm,122.0
otm,64.0
otm,496.0
atm,596.0
atm,845.0
otm,622.0
atm,445.0
otm,1282.0
otm,1047.0
deep_otm,-43.0
deep_otm,-301.0
deep_otm,-50.0
deep_otm,827.0
deep_otm,453.0
deep_otm,67.0
deep_otm,787.0
deep_otm,303.0
deep_otm,-70.0
deep_otm,835.0
deep_otm,636.0
deep_otm,578.0
deep_otm,338.0
deep_otm,1039.0
deep_otm,581.0
deep_otm,205.0
deep_otm,560.0
deep_otm,467.0
deep_otm,241.0
deep_otm,298.0
deep_otm,1401.0
deep_otm,914.0
deep_otm,381.0
deep_otm,666.0
deep_otm,593.0
deep_otm,597.0
deep_otm,694.0
deep_otm,513.0
deep_otm,307.0
deep_otm,992.0
deep_otm,685.0
deep_otm,877.0
deep_otm,665.0
deep_otm,-729.0
deep_otm,-246.0
deep_otm,67.0
otm,76.0
deep_otm,403.0
otm,464.0
otm,832.0
otm,588.0
otm,547.0
otm,1000.0
otm,496.0
deep_otm,-78.0
deep_otm,-216.0
deep_otm,-480.0
deep_otm,764.0
deep_otm,3.0
deep_otm,34.0
deep_otm,760.0
deep_otm,-4.0
deep_otm,-109.0
deep_otm,892.0
deep_otm,723.0
deep_otm,810.0
deep_otm,1329.0
deep_otm,87.0
deep_otm,-132.0
deep_otm,-57.0
deep_otm,35.0
deep_otm,32.0
deep_otm,983.0
deep_otm,154.0
deep_otm,563.0
deep_otm,403.0
deep_otm,571.0
deep_otm,232.0
deep_otm,944.0
deep_otm,874.0
deep_otm,973.0
deep_otm,683.0
deep_otm,-532.0
deep_otm,-425.0
deep_otm,29.0
deep_otm,-39.0
deep_otm,355.0
deep_otm,457.0
deep_otm,902.0
deep_otm,653.0
deep_otm,458.0
deep_otm,1020.0
deep_otm,617.0
deep_otm,480.0
deep_otm,752.0
deep_otm,378.0
deep_otm,785.0
deep_otm,-682.0
deep_otm,86.0
deep_otm,-135.0
deep_otm,641.0
deep_otm,742.0
deep_otm,872.0
deep_otm,1474.0
deep_otm,1236.0
deep_otm,2559.0
deep_otm,309.0
deep_otm,289.0
deep_otm,-32.0
deep_otm,21.0
deep_otm,165.0
deep_otm,1440.0
deep_otm,959.0
deep_otm,1541.0
deep_otm,607.0
deep_otm,576.0
deep_otm,577.0
deep_otm,243.0
deep_otm,690.0
deep_otm,1049.0
deep_otm,417.0
deep_otm,612.0
deep_otm,-487.0
deep_otm,-295.0
deep_otm,-320.0
deep_otm,-560.0
deep_otm,291.0
deep_otm,520.0
deep_otm,568.0
deep_otm,625.0
deep_otm,407.0
deep_otm,3104.0
deep_otm,640.0
deep_otm,762.0
deep_otm,-892.0
deep_otm,-1849.0
otm,-1991.0
otm,-2042.0
otm,-2045.0
atm,2464.0
atm,3901.0
atm,3268.0
atm,4603.0
itm,5720.0
atm,4014.0
itm,5275.0
itm,4420.0
deep_itm,4090.0
deep_otm,-119.0
deep_otm,1441.0
deep_otm,448.0
deep_otm,788.0
deep_otm,951.0
deep_otm,487.0
deep_otm,1279.0
deep_otm,-272.0
deep_otm,1196.0
deep_otm,666.0
deep_otm,-984.0
deep_otm,-298.0
deep_otm,6.0
deep_otm,-543.0
deep_otm,234.0
deep_otm,372.0
deep_otm,304.0
deep_otm,418.0
deep_otm,208.0
deep_otm,417.0
atm,3645.0
atm,4111.0
atm,3710.0
atm,6293.0
atm,5557.0
atm,5503.0
atm,6395.0
itm,6490.0
deep_otm,-119.0
deep_otm,302.0
deep_otm,1185.0
deep_otm,27.0
deep_otm,339.0
deep_otm,2364.0
deep_otm,-85.0
deep_otm,501.0
deep_otm,-162.0
deep_otm,2269.0
deep_otm,1207.0
deep_otm,573.0
deep_otm,-1291.0
deep_otm,-979.0
deep_otm,-1190.0
deep_otm,571.0
deep_otm,193.0
deep_otm,525.0
deep_otm,209.0
deep_otm,-1030.0
deep_otm,-4030.0
deep_otm,-1750.0
deep_otm,3234.0
deep_otm,1993.0
deep_otm,2439.0
deep_otm,2597.0
deep_otm,1102.0
deep_otm,1340.0
deep_otm,1126.0
deep_otm,6277.0
deep_otm,4882.0
deep_otm,2506.0
deep_otm,6250.0
deep_otm,-5358.0
deep_otm,-1163.0
deep_otm,966.0
deep_otm,646.0
deep_otm,1201.0
deep_otm,2698.0
deep_otm,696.0
deep_otm,1193.0
deep_otm,2494.0
deep_otm,2223.0
deep_itm,48.0
deep_itm,-255.0
deep_itm,861.0
deep_itm,-201.0
deep_itm,480.0
deep_itm,336.0
deep_itm,865.0
deep_itm,598.0
deep_itm,272.0
deep_itm,-453.0
deep_itm,216.0
deep_itm,868.0
deep_itm,-1412.0
deep_itm,-820.0
deep_itm,-588.0
deep_itm,-761.0
deep_itm,440.0
deep_itm,-30.0
deep_itm,311.0
deep_itm,554.0
deep_itm,263.0
deep_itm,-285.0
deep_itm,-1225.0
deep_itm,-248.0
deep_itm,268.0
deep_itm,85.0
deep_itm,301.0
deep_itm,169.0
deep_itm,272.0
itm,-130.0
itm,150.0
itm,158.0
itm,329.0
deep_itm,50.0
deep_itm,-69.0
deep_itm,185.0
deep_itm,-331.0
deep_itm,-377.0
deep_itm,-334.0
deep_itm,-356.0
deep_itm,-18.0
deep_itm,-397.0
deep_itm,-537.0
deep_itm,-348.0
deep_itm,-55.0
deep_itm,-375.0
deep_itm,-158.0
deep_itm,-207.0
deep_itm,-179.0
deep_itm,436.0
deep_itm,1853.0
deep_itm,661.0
itm,730.0
itm,1914.0
itm,2590.0
atm,1625.0
atm,237.0
atm,413.0
atm,577.0
atm,-94.0
atm,-1172.0
atm,-86.0
itm,-235.0
itm,-314.0
itm,377.0
itm,-218.0
itm,10.0
itm,764.0
atm,425.0
atm,201.0
atm,416.0
atm,781.0
otm,490.0
otm,-8.0
otm,-11.0
otm,41.0
otm,-106.0
otm,374.0
otm,786.0
atm,509.0
atm,425.0
otm,1253.0
otm,579.0
otm,407.0
atm,883.0
atm,665.0
atm,444.0
atm,708.0
atm,931.0
atm,679.0
atm,1276.0
atm,907.0
deep_itm,-308.0
deep_itm,-407.0
deep_itm,-271.0
deep_itm,-370.0
deep_itm,32.0
deep_itm,-326.0
deep_itm,-392.0
deep_itm,-276.0
deep_itm,-108.0
deep_itm,-604.0
deep_itm,-179.0
deep_itm,-255.0
deep_itm,-210.0
itm,372.0
itm,1838.0
atm,606.0
atm,706.0
atm,1953.0
otm,2779.0
otm,1842.0
otm,857.0
otm,583.0
otm,856.0
otm,37.0
otm,-1050.0
otm,17.0
atm,-295.0
atm,-372.0
atm,328.0
atm,-244.0
atm,54.0
atm,744.0
otm,726.0
otm,172.0
otm,405.0
otm,935.0
deep_otm,602.0
deep_otm,35.0
deep_otm,-65.0
deep_otm,25.0
deep_otm,-12.0
deep_otm,311.0
deep_otm,748.0
otm,476.0
otm,362.0
otm,1182.0
deep_otm,624.0
deep_otm,419.0
otm,832.0
otm,529.0
otm,328.0
otm,599.0
otm,1005.0
otm,894.0
otm,836.0
otm,874.0
otm,-29.0
atm,1065.0
atm,1546.0
itm,2208.0
deep_itm,-245.0
deep_itm,-458.0
deep_itm,-304.0
deep_itm,-346.0
deep_itm,33.0
itm,-336.0
deep_itm,-543.0
deep_itm,-367.0
itm,-76.0
itm,-409.0
itm,-114.0
itm,-225.0
itm,-342.0
atm,341.0
atm,1800.0
otm,501.0
otm,567.0
otm,1747.0
otm,2830.0
deep_otm,1978.0
deep_otm,944.0
deep_otm,372.0
deep_otm,693.0
deep_otm,149.0
deep_otm,-921.0
otm,118.0
otm,-301.0
otm,-250.0
otm,467.0
otm,-94.0
otm,279.0
otm,625.0
deep_otm,325.0
deep_otm,-12.0
deep_otm,516.0
deep_otm,882.0
deep_otm,577.0
deep_otm,324.0
deep_otm,106.0
deep_otm,138.0
deep_otm,-27.0
deep_otm,358.0
deep_otm,760.0
deep_otm,403.0
deep_otm,300.0
deep_otm,1276.0
deep_otm,608.0
deep_otm,250.0
deep_otm,639.0
deep_otm,442.0
deep_otm,279.0
deep_otm,568.0
deep_otm,1052.0
deep_otm,932.0
deep_otm,981.0
deep_otm,-678.0
atm,169.0
itm,-327.0
itm,-328.0
itm,-263.0
itm,-378.0
itm,13.0
atm,-374.0
itm,-442.0
itm,-442.0
atm,164.0
atm,-113.0
atm,-74.0
atm,-128.0
atm,-320.0
otm,396.0
otm,1708.0
otm,356.0
otm,587.0
deep_otm,1595.0
deep_otm,2508.0
deep_otm,2030.0
deep_otm,648.0
deep_otm,649.0
deep_otm,-986.0
deep_otm,182.0
deep_otm,-96.0
deep_otm,20.0
deep_otm,578.0
deep_otm,592.0
deep_otm,856.0
deep_otm,-328.0
deep_otm,219.0
deep_otm,663.0
deep_otm,815.0
deep_otm,801.0
deep_otm,1085.0
deep_otm,34.0
deep_otm,484.0
deep_otm,625.0
deep_otm,859.0
deep_otm,1522.0
deep_otm,615.0
deep_otm,146.0
deep_otm,478.0
deep_otm,368.0
deep_otm,1041.0
atm,-245.0
atm,-254.0
atm,-239.0
atm,-410.0
atm,34.0
otm,-189.0
atm,-375.0
atm,-343.0
atm,237.0
otm,-233.0
otm,-238.0
otm,-54.0
otm,-243.0
otm,462.0
deep_otm,1716.0
deep_otm,614.0
deep_otm,433.0
deep_otm,1712.0
deep_otm,1857.0
deep_otm,1192.0
deep_otm,1094.0
deep_otm,-541.0
deep_otm,-39.0
deep_otm,-81.0
deep_otm,144.0
deep_otm,877.0
deep_otm,-362.0
deep_otm,-517.0
deep_otm,210.0
deep_otm,825.0
deep_otm,435.0
deep_otm,161.0
deep_otm,-39.0
deep_otm,1566.0
deep_otm,680.0
deep_otm,405.0
deep_otm,627.0
deep_otm,431.0
deep_otm,251.0
deep_otm,537.0
deep_otm,474.0
deep_otm,-459.0
deep_otm,-342.0
deep_otm,842.0
otm,-338.0
otm,-142.0
otm,-127.0
otm,-322.0
otm,65.0
otm,-257.0
otm,-565.0
otm,-465.0
otm,552.0
deep_otm,312.0
otm,252.0
deep_otm,20.0
deep_otm,277.0
deep_otm,1695.0
deep_otm,-288.0
deep_otm,408.0
deep_otm,1139.0
deep_otm,1677.0
deep_otm,-341.0
deep_otm,-1064.0
deep_otm,47.0
deep_otm,18.0
deep_otm,-249.0
deep_otm,883.0
deep_otm,824.0
deep_otm,49.0
deep_otm,1855.0
deep_otm,1910.0
deep_otm,-596.0
deep_otm,-127.0
deep_otm,586.0
deep_otm,274.0
deep_otm,1361.0
deep_otm,1992.0
deep_otm,1094.0
deep_otm,378.0
deep_otm,706.0
deep_otm,547.0
deep_otm,2344.0
deep_otm,818.0
deep_otm,33.0
deep_otm,694.0
deep_otm,851.0
deep_otm,-449.0
atm,3220.0
atm,4508.0
otm,142.0
deep_otm,67.0
otm,-517.0
otm,-370.0
deep_otm,1962.0
deep_otm,-228.0
deep_otm,-380.0
otm,-808.0
deep_otm,-299.0
deep_otm,45.0
deep_otm,665.0
deep_otm,528.0
deep_otm,1813.0
deep_otm,581.0
deep_otm,732.0
deep_otm,35.0
deep_otm,3.0
deep_otm,392.0
deep_otm,3048.0
deep_otm,70.0
deep_otm,1442.0
deep_itm,-423.0
deep_itm,-465.0
deep_itm,-484.0
deep_itm,-388.0
deep_itm,-51.0
deep_itm,-340.0
deep_itm,-535.0
deep_itm,-554.0
deep_itm,80.0
deep_itm,-373.0
deep_itm,-327.0
deep_itm,-293.0
deep_itm,-332.0
deep_itm,391.0
deep_itm,1889.0
deep_itm,526.0
deep_itm,703.0
deep_itm,2074.0
deep_itm,2731.0
deep_itm,1374.0
deep_itm,344.0
deep_itm,6.0
deep_itm,299.0
deep_itm,-438.0
deep_itm,-1352.0
deep_itm,-10.0
deep_itm,-156.0
deep_itm,-227.0
deep_itm,600.0
deep_itm,99.0
deep_itm,31.0
deep_itm,666.0
deep_itm,224.0
deep_itm,321.0
deep_itm,561.0
deep_itm,826.0
itm,479.0
itm,146.0
itm,157.0
itm,151.0
itm,-91.0
itm,398.0
itm,620.0
itm,424.0
deep_itm,263.0
itm,1268.0
itm,518.0
itm,244.0
deep_itm,740.0
deep_itm,580.0
deep_itm,562.0
deep_itm,1041.0
deep_itm,-429.0
deep_itm,-442.0
deep_itm,-410.0
deep_itm,-383.0
deep_itm,-11.0
deep_itm,-381.0
deep_itm,-168.0
deep_itm,-392.0
deep_itm,-119.0
deep_itm,-393.0
deep_itm,-147.0
deep_itm,-242.0
deep_itm,-78.0
deep_itm,496.0
deep_itm,1875.0
deep_itm,495.0
deep_itm,851.0
deep_itm,1928.0
deep_itm,2623.0
itm,1569.0
itm,510.0
itm,176.0
itm,436.0
itm,-245.0
itm,-1310.0
deep_itm,-13.0
deep_itm,-179.0
deep_itm,-297.0
deep_itm,621.0
deep_itm,-38.0
deep_itm,29.0
deep_itm,699.0
deep_itm,456.0
itm,281.0
itm,510.0
itm,842.0
itm,420.0
atm,45.0
atm,38.0
atm,17.0
atm,-116.0
atm,299.0
atm,574.0
itm,355.0
itm,198.0
itm,1165.0
atm,608.0
itm,150.0
itm,769.0
itm,652.0
deep_itm,517.0
deep_itm,905.0
deep_itm,-569.0
deep_itm,-510.0
deep_itm,-308.0
deep_itm,-590.0
deep_itm,29.0
deep_itm,-432.0
deep_itm,-1353.0
deep_itm,-991.0
deep_itm,-263.0
deep_itm,-410.0
deep_itm,-706.0
deep_itm,-267.0
deep_itm,79.0
deep_itm,320.0
deep_itm,1877.0
deep_itm,872.0
deep_itm,293.0
deep_itm,2391.0
deep_itm,2402.0
deep_itm,1198.0
deep_itm,317.0
deep_itm,468.0
deep_itm,-437.0
deep_itm,-1331.0
deep_itm,-141.0
deep_itm,-148.0
deep_itm,-294.0
deep_itm,637.0
deep_itm,40.0
deep_itm,237.0
deep_itm,605.0
deep_itm,360.0
deep_itm,480.0
deep_itm,653.0
deep_itm,1168.0
deep_itm,555.0
deep_itm,53.0
deep_itm,289.0
deep_itm,427.0
deep_itm,-69.0
deep_itm,457.0
deep_itm,-425.0
deep_itm,-413.0
deep_itm,-17.0
deep_itm,-221.0
deep_itm,154.0
deep_itm,-337.0
deep_itm,-1209.0
deep_itm,-390.0
deep_itm,-261.0
deep_itm,-453.0
deep_itm,-260.0
deep_itm,-21.0
deep_itm,378.0
deep_itm,1883.0
deep_itm,831.0
deep_itm,695.0
deep_itm,2199.0
deep_itm,2375.0
deep_itm,1800.0
deep_itm,132.0
deep_itm,83.0
deep_itm,-389.0
deep_itm,-485.0
deep_itm,-154.0
deep_itm,-230.0
deep_itm,-413.0
deep_itm,852.0
deep_itm,-3.0
deep_itm,-51.0
deep_itm,632.0
deep_itm,538.0
deep_itm,333.0
deep_itm,743.0
deep_itm,1184.0
deep_itm,473.0
deep_itm,528.0
deep_itm,409.0
deep_itm,476.0
deep_itm,-64.0
deep_itm,475.0
deep_itm,849.0
deep_itm,537.0
deep_itm,-176.0
deep_itm,-87.0
deep_itm,-171.0
deep_itm,-185.0
deep_itm,-614.0
deep_itm,-286.0
deep_itm,466.0
deep_itm,-1253.0
deep_itm,184.0
deep_itm,277.0
deep_itm,-232.0
deep_itm,-482.0
deep_itm,-416.0
deep_itm,266.0
deep_itm,325.0
deep_itm,170.0
deep_itm,350.0
deep_itm,14.0
deep_itm,91.0
deep_itm,164.0
deep_itm,47.0
deep_itm,-645.0
deep_itm,-195.0
deep_itm,277.0
deep_itm,-184.0
deep_itm,-785.0
deep_itm,-459.0
deep_itm,-78.0
deep_itm,-278.0
deep_itm,-600.0
deep_itm,-284.0
deep_itm,-58.0
deep_itm,385.0
deep_itm,1991.0
deep_itm,437.0
deep_itm,900.0
deep_itm,2290.0
deep_itm,3430.0
deep_itm,2053.0
deep_itm,437.0
deep_itm,404.0
deep_itm,327.0
deep_itm,-113.0
deep_itm,-1549.0
deep_itm,358.0
deep_itm,-2.0
deep_itm,-85.0
deep_itm,541.0
deep_itm,319.0
deep_itm,166.0
deep_itm,683.0
deep_itm,392.0
deep_itm,284.0
deep_itm,810.0
deep_itm,1183.0
deep_itm,526.0
deep_itm,368.0
deep_itm,355.0
deep_itm,621.0
deep_itm,1354.0
deep_itm,-185.0
deep_itm,12.0
deep_itm,-301.0
deep_itm,108.0
deep_itm,-450.0
deep_itm,-1.0
deep_itm,92.0
deep_itm,-512.0
deep_itm,-292.0
deep_itm,-4.0
deep_itm,90.0
deep_itm,278.0
deep_itm,371.0
deep_itm,-1744.0
deep_itm,456.0
deep_itm,349.0
deep_itm,330.0
deep_itm,327.0
deep_itm,-212.0
deep_itm,-39.0
deep_itm,-319.0
deep_itm,338.0
deep_itm,-336.0
deep_itm,-452.0
deep_itm,-656.0
deep_itm,222.0
deep_itm,-127.0
deep_itm,216.0
deep_itm,14.0
deep_itm,154.0
deep_itm,438.0
deep_itm,2060.0
deep_itm,754.0
deep_itm,833.0
deep_itm,2342.0
deep_itm,3342.0
deep_itm,2154.0
deep_itm,501.0
deep_itm,228.0
deep_itm,197.0
deep_itm,-86.0
deep_itm,-1596.0
deep_itm,452.0
deep_itm,-9.0
deep_itm,-154.0
deep_itm,611.0
deep_itm,409.0
deep_itm,167.0
deep_itm,563.0
deep_itm,695.0
deep_itm,561.0
deep_itm,700.0
deep_itm,-147.0
deep_itm,-135.0
deep_itm,-568.0
deep_itm,-534.0
deep_itm,-424.0
deep_itm,9.0
deep_itm,36.0
deep_itm,-760.0
deep_itm,-982.0
deep_itm,-309.0
deep_itm,-1429.0
deep_itm,-86.0
deep_itm,-192.0
deep_itm,279.0
deep_itm,122.0
deep_itm,272.0
deep_itm,179.0
deep_itm,53.0
deep_itm,176.0
deep_itm,147.0
deep_itm,-45.0
deep_itm,-472.0
deep_itm,377.0
deep_itm,-101.0
deep_itm,-466.0
deep_itm,-493.0
deep_itm,-133.0
deep_itm,-426.0
deep_itm,-530.0
deep_itm,8.0
deep_itm,25.0
deep_itm,452.0
deep_itm,2032.0
deep_itm,670.0
deep_itm,951.0
deep_itm,2198.0
deep_itm,3412.0
deep_itm,2026.0
deep_itm,393.0
deep_itm,201.0
deep_itm,222.0
deep_itm,-72.0
deep_itm,-1614.0
deep_itm,277.0
deep_itm,-90.0
deep_itm,-40.0
deep_itm,557.0
deep_itm,182.0
deep_itm,113.0
deep_itm,577.0
itm,582.0
itm,648.0
itm,892.0
itm,-97.0
itm,1692.0
itm,838.0
itm,841.0
deep_itm,566.0
deep_itm,1230.0
deep_itm,-157.0
deep_itm,39.0
deep_itm,-170.0
deep_itm,-386.0
deep_itm,-437.0
deep_itm,-160.0
deep_itm,49.0
deep_itm,51.0
deep_itm,-1101.0
deep_itm,-406.0
deep_itm,-108.0
deep_itm,-23.0
deep_itm,-400.0
deep_itm,58.0
deep_itm,2.0
deep_itm,229.0
deep_itm,200.0
deep_itm,417.0
deep_itm,181.0
deep_itm,156.0
deep_itm,343.0
deep_itm,51.0
deep_itm,-147.0
deep_itm,-373.0
deep_itm,346.0
deep_itm,-145.0
deep_itm,-346.0
deep_itm,-538.0
deep_itm,71.0
deep_itm,-159.0
deep_itm,-107.0
deep_itm,-25.0
deep_itm,-57.0
deep_itm,500.0
deep_itm,1962.0
deep_itm,720.0
deep_itm,991.0
deep_itm,2161.0
deep_itm,3353.0
itm,1905.0
itm,302.0
itm,146.0
itm,151.0
itm,-111.0
itm,-1730.0
deep_itm,316.0
deep_itm,-115.0
deep_itm,-166.0
deep_itm,269.0
deep_itm,9.0
deep_itm,21.0
deep_itm,474.0
deep_itm,314.0
itm,-48.0
itm,565.0
itm,757.0
itm,74.0
atm,434.0
atm,432.0
itm,723.0
itm,519.0
itm,1093.0
deep_itm,178.0
deep_itm,609.0
deep_itm,799.0
deep_itm,-143.0
deep_itm,-53.0
deep_itm,-397.0
deep_itm,-415.0
deep_itm,-494.0
deep_itm,-209.0
deep_itm,91.0
deep_itm,57.0
deep_itm,-839.0
deep_itm,-621.0
deep_itm,-383.0
deep_itm,-528.0
deep_itm,-104.0
deep_itm,-137.0
deep_itm,126.0
deep_itm,95.0
deep_itm,36.0
deep_itm,363.0
deep_itm,176.0
deep_itm,264.0
deep_itm,270.0
deep_itm,85.0
deep_itm,-16.0
deep_itm,-294.0
deep_itm,363.0
deep_itm,-261.0
deep_itm,-790.0
deep_itm,-504.0
deep_itm,188.0
deep_itm,-311.0
deep_itm,-356.0
deep_itm,-92.0
deep_itm,-97.0
deep_itm,492.0
deep_itm,1994.0
deep_itm,721.0
itm,984.0
itm,2110.0
itm,3425.0
atm,1923.0
atm,278.0
atm,84.0
atm,76.0
atm,-101.0
atm,-1754.0
atm,407.0
itm,-109.0
itm,-285.0
itm,208.0
itm,-51.0
itm,-44.0
itm,402.0
atm,44.0
atm,90.0
atm,520.0
atm,1036.0
otm,585.0
otm,693.0
otm,1400.0
atm,2615.0
deep_itm,-169.0
deep_itm,-50.0
deep_itm,-270.0
deep_itm,-410.0
deep_itm,-501.0
deep_itm,-352.0
deep_itm,-104.0
deep_itm,161.0
deep_itm,-850.0
deep_itm,-60.0
deep_itm,-292.0
deep_itm,-373.0
deep_itm,-196.0
deep_itm,83.0
deep_itm,97.0
deep_itm,59.0
deep_itm,404.0
deep_itm,388.0
deep_itm,77.0
deep_itm,285.0
deep_itm,156.0
deep_itm,30.0
deep_itm,-151.0
deep_itm,-259.0
deep_itm,317.0
deep_itm,-326.0
deep_itm,-716.0
deep_itm,-671.0
deep_itm,-91.0
deep_itm,-382.0
deep_itm,-414.0
deep_itm,-50.0
deep_itm,-262.0
itm,380.0
itm,1979.0
atm,675.0
atm,941.0
atm,2233.0
otm,3472.0
otm,2111.0
otm,260.0
otm,37.0
otm,85.0
otm,-104.0
otm,-1736.0
otm,390.0
atm,-110.0
atm,-422.0
atm,202.0
atm,-66.0
atm,-159.0
atm,395.0
otm,35.0
otm,178.0
otm,387.0
otm,930.0
deep_otm,715.0
deep_otm,598.0
deep_otm,181.0
itm,-161.0
itm,-79.0
deep_itm,-341.0
itm,-271.0
itm,-371.0
itm,-289.0
itm,69.0
itm,-320.0
itm,-1016.0
deep_itm,-531.0
deep_itm,-318.0
deep_itm,-177.0
deep_itm,-7.0
deep_itm,148.0
deep_itm,304.0
deep_itm,254.0
deep_itm,168.0
deep_itm,382.0
deep_itm,366.0
deep_itm,454.0
deep_itm,319.0
deep_itm,1.0
deep_itm,-274.0
deep_itm,-438.0
deep_itm,223.0
itm,-189.0
deep_itm,-730.0
deep_itm,-552.0
itm,265.0
itm,52.0
itm,190.0
itm,355.0
itm,-159.0
atm,429.0
atm,2134.0
otm,687.0
otm,924.0
otm,2147.0
otm,3441.0
deep_otm,2172.0
deep_otm,42.0
deep_otm,-52.0
deep_otm,139.0
deep_otm,-66.0
deep_otm,-1558.0
otm,367.0
otm,-138.0
otm,-477.0
otm,228.0
otm,21.0
otm,-152.0
otm,424.0
deep_otm,206.0
deep_otm,235.0
deep_otm,1094.0
deep_otm,910.0
deep_otm,709.0
deep_otm,-218.0
deep_otm,1123.0
deep_otm,2155.0
deep_otm,2486.0
deep_otm,-52.0
deep_otm,2209.0
deep_otm,3337.0
deep_otm,471.0
deep_otm,1787.0
otm,4339.0
atm,3607.0
atm,-141.0
atm,-3.0
itm,-247.0
itm,15.0
atm,-204.0
atm,-9.0
atm,282.0
atm,199.0
itm,-633.0
itm,-140.0
itm,-108.0
itm,-413.0
deep_itm,2.0
itm,212.0
itm,231.0
deep_itm,258.0
deep_itm,269.0
itm,613.0
itm,362.0
itm,573.0
itm,582.0
itm,-72.0
itm,-332.0
itm,-533.0
itm,117.0
atm,-305.0
itm,-761.0
itm,-473.0
atm,829.0
atm,402.0
atm,265.0
atm,291.0
atm,-85.0
otm,477.0
otm,2132.0
otm,798.0
otm,795.0
deep_otm,2175.0
deep_otm,3491.0
deep_otm,2226.0
deep_otm,496.0
deep_otm,2125.0
deep_otm,149.0
atm,-71.0
atm,-6.0
atm,-197.0
atm,296.0
atm,-103.0
otm,254.0
otm,285.0
otm,829.0
atm,119.0
atm,313.0
atm,407.0
itm,260.0
itm,186.0
itm,203.0
itm,133.0
itm,441.0
atm,1077.0
atm,884.0
atm,857.0
atm,571.0
atm,-26.0
atm,-418.0
atm,-604.0
atm,107.0
otm,-503.0
atm,-549.0
atm,363.0
otm,3002.0
otm,965.0
otm,1684.0
otm,688.0
deep_otm,1825.0
deep_otm,-654.0
deep_otm,947.0
deep_otm,1761.0
deep_otm,2706.0
deep_otm,468.0
deep_otm,92.0
otm,14.0
otm,104.0
otm,-79.0
otm,320.0
otm,-64.0
otm,679.0
otm,322.0
otm,820.0
otm,310.0
otm,200.0
otm,475.0
atm,-120.0
atm,2.0
atm,226.0
atm,219.0
atm,453.0
atm,626.0
otm,747.0
otm,1248.0
otm,933.0
otm,-114.0
otm,-352.0
otm,-411.0
otm,301.0
otm,-256.0
otm,-1060.0
otm,-855.0
otm,2655.0
otm,279.0
deep_otm,341.0
deep_otm,465.0
deep_otm,511.0
deep_otm,1856.0
deep_otm,562.0
deep_otm,438.0
deep_otm,785.0
deep_otm,3152.0
deep_otm,1328.0
deep_otm,97.0
deep_otm,339.0
deep_otm,78.0
deep_otm,-205.0
deep_otm,-755.0
deep_otm,190.0
deep_otm,-253.0
deep_otm,683.0
deep_otm,372.0
otm,313.0
otm,750.0
otm,378.0
otm,388.0
otm,429.0
otm,-52.0
otm,-627.0
deep_otm,2362.0
deep_otm,-1078.0
deep_itm,-298.0
deep_itm,-935.0
deep_itm,-223.0
deep_itm,-199.0
deep_itm,-302.0
deep_itm,-357.0
deep_itm,-560.0
deep_itm,-70.0
deep_itm,236.0
deep_itm,271.0
deep_itm,-316.0
deep_itm,-172.0
deep_itm,-193.0
deep_itm,168.0
deep_itm,91.0
deep_itm,462.0
deep_itm,483.0
deep_itm,227.0
deep_itm,155.0
deep_itm,92.0
deep_itm,246.0
deep_itm,1146.0
deep_itm,525.0
deep_itm,831.0
deep_itm,76.0
deep_itm,176.0
deep_itm,343.0
deep_itm,217.0
deep_itm,387.0
deep_itm,789.0
deep_itm,752.0
deep_itm,618.0
deep_itm,595.0
deep_itm,472.0
deep_itm,89.0
deep_itm,-271.0
deep_itm,-307.0
deep_itm,668.0
deep_itm,46.0
deep_itm,-108.0
deep_itm,-435.0
deep_itm,-73.0
deep_itm,-233.0
deep_itm,-4.0
deep_itm,269.0
deep_itm,168.0
deep_itm,678.0
deep_itm,1689.0
deep_itm,441.0
deep_itm,937.0
deep_itm,2321.0
deep_itm,3017.0
deep_itm,749.0
deep_itm,473.0
deep_itm,519.0
deep_itm,504.0
deep_itm,-869.0
deep_itm,188.0
deep_itm,54.0
deep_itm,281.0
deep_itm,705.0
deep_itm,1125.0
deep_itm,1316.0
deep_itm,-763.0
deep_itm,-63.0
deep_itm,-237.0
deep_itm,-252.0
deep_itm,-340.0
deep_itm,-328.0
deep_itm,22.0
deep_itm,200.0
deep_itm,-463.0
deep_itm,124.0
deep_itm,115.0
deep_itm,-46.0
deep_itm,-688.0
deep_itm,399.0
deep_itm,412.0
deep_itm,404.0
deep_itm,-48.0
deep_itm,603.0
deep_itm,1017.0
deep_itm,792.0
deep_itm,542.0
deep_itm,278.0
deep_itm,335.0
deep_itm,137.0
deep_itm,719.0
deep_itm,135.0
deep_itm,-440.0
deep_itm,6.0
deep_itm,-132.0
deep_itm,48.0
deep_itm,422.0
deep_itm,-340.0
deep_itm,-881.0
deep_itm,-133.0
deep_itm,133.0
deep_itm,546.0
deep_itm,-185.0
deep_itm,-188.0
deep_itm,460.0
deep_itm,229.0
deep_itm,-479.0
deep_itm,638.0
deep_itm,542.0
deep_itm,212.0
deep_itm,115.0
deep_itm,579.0
deep_itm,357.0
deep_itm,1025.0
deep_itm,513.0
deep_itm,536.0
deep_itm,312.0
deep_itm,273.0
deep_itm,-275.0
deep_itm,635.0
deep_itm,-93.0
deep_itm,-630.0
deep_itm,-43.0
deep_itm,-110.0
deep_itm,398.0
deep_itm,1088.0
deep_itm,990.0
deep_itm,148.0
deep_itm,-2010.0
deep_itm,388.0
itm,2401.0
deep_itm,1135.0
deep_itm,1620.0
deep_itm,-286.0
deep_itm,-627.0
deep_itm,-300.0
deep_itm,-288.0
deep_itm,-198.0
deep_itm,-1191.0
deep_itm,-253.0
deep_itm,-252.0
deep_itm,-130.0
deep_itm,202.0
deep_itm,-131.0
deep_itm,-1.0
deep_itm,-612.0
deep_itm,-379.0
deep_itm,238.0
deep_itm,524.0
deep_itm,347.0
deep_itm,219.0
deep_itm,46.0
deep_itm,437.0
deep_itm,1140.0
deep_itm,-282.0
deep_itm,1156.0
deep_itm,470.0
deep_itm,296.0
deep_itm,624.0
deep_itm,316.0
deep_itm,614.0
deep_itm,540.0
deep_itm,988.0
deep_itm,476.0
deep_itm,635.0
deep_itm,433.0
deep_itm,97.0
deep_itm,10.0
deep_itm,-163.0
deep_itm,657.0
deep_itm,331.0
deep_itm,-903.0
deep_itm,-529.0
deep_itm,-213.0
deep_itm,-264.0
deep_itm,-311.0
deep_itm,121.0
deep_itm,209.0
deep_itm,385.0
deep_itm,1666.0
deep_itm,778.0
deep_itm,2014.0
itm,1678.0
itm,1002.0
itm,-1889.0
deep_itm,1050.0
deep_itm,-210.0
deep_itm,-605.0
deep_itm,181.0
deep_itm,126.0
deep_itm,-121.0
deep_itm,-96.0
deep_itm,-271.0
deep_itm,83.0
deep_itm,256.0
deep_itm,222.0
deep_itm,-142.0
deep_itm,277.0
deep_itm,324.0
deep_itm,55.0
deep_itm,-243.0
deep_itm,-30.0
deep_itm,494.0
deep_itm,613.0
deep_itm,532.0
deep_itm,350.0
deep_itm,435.0
deep_itm,182.0
deep_itm,539.0
deep_itm,378.0
deep_itm,582.0
deep_itm,809.0
deep_itm,828.0
deep_itm,307.0
deep_itm,1147.0
deep_itm,1018.0
deep_itm,302.0
deep_itm,116.0
deep_itm,573.0
deep_itm,457.0
deep_itm,636.0
deep_itm,524.0
deep_itm,821.0
deep_itm,693.0
deep_itm,605.0
deep_itm,461.0
deep_itm,319.0
deep_itm,144.0
deep_itm,-254.0
deep_itm,681.0
deep_itm,162.0
deep_itm,-511.0
deep_itm,-405.0
deep_itm,-170.0
deep_itm,-201.0
deep_itm,-222.0
deep_itm,-108.0
deep_itm,-222.0
deep_itm,646.0
deep_itm,2034.0
deep_itm,727.0
itm,1655.0
itm,3479.0
atm,2285.0
atm,998.0
atm,512.0
atm,194.0
atm,-43.0
atm,-1291.0
atm,1160.0
itm,734.0
itm,1678.0
atm,732.0
atm,972.0
atm,1036.0
otm,462.0
itm,4573.0
deep_itm,-223.0
deep_itm,-516.0
deep_itm,-113.0
deep_itm,-305.0
deep_itm,-407.0
deep_itm,-71.0
deep_itm,-207.0
deep_itm,99.0
deep_itm,119.0
deep_itm,174.0
deep_itm,-46.0
deep_itm,177.0
deep_itm,140.0
deep_itm,-1.0
deep_itm,-188.0
deep_itm,-171.0
deep_itm,387.0
deep_itm,519.0
deep_itm,453.0
deep_itm,396.0
deep_itm,378.0
deep_itm,416.0
deep_itm,-116.0
deep_itm,178.0
deep_itm,342.0
deep_itm,1040.0
deep_itm,1112.0
deep_itm,178.0
deep_itm,860.0
deep_itm,1034.0
deep_itm,398.0
deep_itm,407.0
deep_itm,583.0
deep_itm,457.0
deep_itm,666.0
deep_itm,660.0
deep_itm,766.0
deep_itm,667.0
deep_itm,614.0
deep_itm,475.0
deep_itm,-63.0
deep_itm,37.0
deep_itm,-202.0
deep_itm,630.0
deep_itm,201.0
deep_itm,-623.0
deep_itm,-511.0
deep_itm,-270.0
deep_itm,-304.0
deep_itm,-541.0
deep_itm,-283.0
deep_itm,-478.0
itm,578.0
itm,2555.0
atm,796.0
atm,1148.0
atm,2245.0
otm,3094.0
otm,2293.0
otm,60.0
otm,-264.0
otm,107.0
otm,281.0
otm,-1810.0
deep_itm,-251.0
deep_itm,-495.0
deep_itm,-259.0
deep_itm,-117.0
deep_itm,-89.0
deep_itm,-67.0
deep_itm,-208.0
deep_itm,60.0
deep_itm,266.0
deep_itm,207.0
deep_itm,-89.0
deep_itm,60.0
deep_itm,184.0
deep_itm,121.0
deep_itm,127.0
deep_itm,8.0
deep_itm,533.0
deep_itm,562.0
itm,399.0
itm,432.0
itm,400.0
deep_itm,372.0
itm,618.0
itm,347.0
itm,695.0
itm,1145.0
itm,1160.0
itm,302.0
deep_itm,846.0
deep_itm,1091.0
deep_itm,571.0
deep_itm,437.0
deep_itm,601.0
deep_itm,563.0
deep_itm,613.0
deep_itm,578.0
deep_itm,656.0
deep_itm,666.0
deep_itm,640.0
deep_itm,449.0
deep_itm,270.0
deep_itm,102.0
deep_itm,-264.0
deep_itm,697.0
itm,383.0
deep_itm,-505.0
deep_itm,-714.0
itm,-416.0
itm,-461.0
itm,-662.0
itm,-436.0
itm,-727.0
atm,658.0
atm,2324.0
otm,1038.0
otm,1198.0
otm,1973.0
otm,3009.0
deep_otm,1439.0
deep_otm,943.0
deep_itm,-212.0
deep_itm,-315.0
deep_itm,-171.0
deep_itm,-42.0
deep_itm,-53.0
deep_itm,-34.0
deep_itm,-530.0
deep_itm,173.0
deep_itm,348.0
deep_itm,282.0
deep_itm,-77.0
deep_itm,218.0
deep_itm,250.0
itm,272.0
itm,58.0
itm,-51.0
itm,463.0
itm,680.0
atm,495.0
atm,549.0
atm,468.0
itm,263.0
itm,474.0
atm,319.0
atm,488.0
atm,688.0
atm,1099.0
itm,359.0
itm,1182.0
itm,1178.0
itm,553.0
deep_itm,466.0
itm,636.0
itm,450.0
deep_itm,591.0
deep_itm,580.0
itm,697.0
itm,603.0
itm,571.0
itm,463.0
itm,382.0
itm,172.0
itm,-177.0
itm,762.0
atm,400.0
itm,-553.0
itm,-845.0
atm,-548.0
atm,-595.0
atm,-794.0
atm,-450.0
atm,-1048.0
deep_otm,680.0
deep_itm,-226.0
deep_itm,-615.0
deep_itm,-187.0
deep_itm,-24.0
deep_itm,-117.0
itm,43.0
itm,6.0
itm,286.0
itm,180.0
itm,394.0
itm,-48.0
itm,183.0
itm,304.0
atm,281.0
atm,-63.0
atm,-116.0
atm,538.0
atm,912.0
atm,742.0
atm,628.0
atm,555.0
atm,429.0
atm,864.0
atm,479.0
otm,1043.0
otm,1107.0
otm,1258.0
atm,447.0
atm,1184.0
atm,1233.0
itm,580.0
itm,362.0
itm,552.0
itm,452.0
itm,490.0
itm,465.0
atm,642.0
atm,533.0
atm,501.0
atm,384.0
atm,325.0
atm,132.0
atm,-204.0
atm,714.0
otm,336.0
atm,-710.0
atm,-980.0
atm,-630.0
otm,-646.0
otm,-796.0
otm,-601.0
otm,-865.0
deep_otm,275.0
deep_otm,148.0
itm,-253.0
itm,-312.0
itm,-203.0
itm,-53.0
itm,-82.0
atm,16.0
atm,127.0
atm,149.0
atm,248.0
atm,525.0
atm,113.0
atm,247.0
atm,311.0
atm,699.0
atm,581.0
atm,832.0
atm,1014.0
otm,1238.0
otm,876.0
otm,755.0
otm,668.0
otm,295.0
otm,1102.0
otm,903.0
otm,1188.0
otm,1451.0
otm,1450.0
otm,597.0
otm,1326.0
otm,1419.0
atm,631.0
atm,338.0
atm,525.0
atm,353.0
atm,428.0
atm,378.0
atm,706.0
otm,518.0
otm,559.0
otm,379.0
otm,333.0
otm,118.0
otm,-159.0
otm,631.0
otm,179.0
otm,-877.0
otm,-1213.0
otm,-748.0
otm,-679.0
deep_otm,-681.0
otm,-658.0
deep_otm,-1293.0
deep_otm,237.0
atm,-227.0
itm,-205.0
atm,-204.0
atm,-14.0
atm,241.0
atm,241.0
atm,260.0
atm,324.0
atm,332.0
atm,538.0
otm,167.0
otm,976.0
otm,505.0
otm,841.0
otm,1116.0
otm,706.0
deep_otm,561.0
deep_otm,676.0
otm,141.0
deep_otm,1367.0
deep_otm,1324.0
deep_otm,1447.0
deep_otm,2071.0
deep_otm,1903.0
deep_otm,903.0
otm,1183.0
otm,1291.0
otm,616.0
otm,408.0
otm,569.0
otm,520.0
otm,456.0
otm,646.0
otm,889.0
otm,716.0
deep_otm,667.0
otm,983.0
otm,-180.0
otm,-279.0
otm,29.0
otm,195.0
otm,229.0
otm,997.0
otm,198.0
deep_otm,556.0
deep_otm,325.0
otm,505.0
deep_otm,428.0
deep_otm,265.0
deep_otm,215.0
deep_otm,847.0
deep_otm,1455.0
deep_otm,910.0
deep_otm,923.0
deep_otm,809.0
deep_otm,594.0
deep_otm,630.0
deep_otm,436.0
deep_otm,1122.0
deep_otm,518.0
deep_otm,1653.0
deep_otm,1805.0
deep_otm,1720.0
deep_otm,760.0
deep_otm,1262.0
deep_otm,1262.0
deep_otm,554.0
deep_otm,241.0
deep_otm,677.0
deep_otm,521.0
deep_otm,614.0
deep_otm,526.0
deep_otm,920.0
deep_otm,465.0
deep_otm,1324.0
deep_itm,313.0
deep_itm,631.0
deep_itm,3321.0
deep_itm,3149.0
deep_itm,4267.0
deep_itm,739.0
deep_itm,1901.0
deep_itm,-1535.0
deep_itm,1696.0
deep_itm,424.0
deep_itm,102.0
deep_itm,239.0
deep_itm,595.0
deep_itm,2148.0
deep_itm,3766.0
deep_itm,2702.0
deep_itm,2285.0
deep_itm,5936.0
itm,2474.0
itm,423.0
itm,-3144.0
deep_itm,345.0
deep_itm,812.0
deep_itm,3235.0
deep_itm,3089.0
deep_itm,4293.0
deep_itm,780.0
deep_itm,2009.0
deep_itm,-1335.0
deep_itm,1987.0
deep_itm,501.0
deep_itm,38.0
deep_itm,456.0
deep_itm,697.0
deep_itm,2181.0
deep_itm,3699.0
deep_itm,2971.0
itm,2356.0
itm,5976.0
atm,2651.0
atm,215.0
atm,-3374.0
itm,3697.0
itm,2112.0
deep_itm,2441.0
deep_itm,230.0
deep_itm,578.0
deep_itm,3218.0
deep_itm,3115.0
deep_itm,4311.0
deep_itm,764.0
deep_itm,1916.0
deep_itm,-1462.0
deep_itm,2048.0
deep_itm,321.0
deep_itm,353.0
deep_itm,597.0
deep_itm,521.0
deep_itm,2243.0
itm,3837.0
itm,2999.0
atm,2422.0
atm,5911.0
atm,2637.0
otm,139.0
atm,-3380.0
atm,2329.0
deep_itm,223.0
deep_itm,563.0
deep_itm,3204.0
deep_itm,3104.0
deep_itm,4168.0
deep_itm,846.0
deep_itm,1905.0
deep_itm,-1211.0
deep_itm,2071.0
deep_itm,566.0
deep_itm,479.0
deep_itm,437.0
itm,812.0
itm,2372.0
itm,4125.0
atm,3033.0
atm,2413.0
otm,6140.0
otm,2645.0
otm,278.0
otm,-3237.0
atm,3249.0
deep_itm,315.0
deep_itm,607.0
deep_itm,3190.0
deep_itm,3161.0
deep_itm,4289.0
deep_itm,1037.0
itm,1987.0
itm,-769.0
itm,2168.0
itm,1323.0
atm,1297.0
atm,1660.0
atm,1664.0
atm,3275.0
otm,4927.0
otm,3377.0
otm,2551.0
deep_otm,6053.0
deep_otm,2561.0
deep_otm,867.0
deep_otm,-3127.0
deep_otm,-562.0
deep_otm,4894.0
deep_otm,4582.0
otm,5000.0
otm,7732.0
deep_itm,275.0
deep_itm,698.0
deep_itm,3137.0
itm,3092.0
itm,4225.0
atm,1041.0
atm,2066.0
atm,-201.0
atm,2332.0
atm,946.0
otm,711.0
otm,953.0
otm,1354.0
otm,3028.0
deep_otm,4586.0
deep_otm,3368.0
deep_otm,2754.0
deep_otm,6032.0
deep_otm,2707.0
deep_otm,358.0
deep_otm,-2441.0
itm,334.0
itm,845.0
atm,3222.0
atm,2980.0
atm,4375.0
otm,967.0
otm,2136.0
otm,-382.0
otm,2180.0
otm,1094.0
deep_otm,783.0
deep_otm,2245.0
deep_otm,3507.0
deep_otm,4130.0
deep_otm,3052.0
deep_otm,3537.0
deep_otm,6106.0
deep_otm,3164.0
deep_otm,693.0
deep_otm,-2855.0
atm,150.0
atm,803.0
atm,3246.0
otm,3003.0
otm,4474.0
otm,1188.0
deep_otm,2412.0
deep_otm,360.0
deep_otm,2063.0
deep_otm,2127.0
deep_otm,4922.0
otm,652.0
otm,1130.0
otm,3430.0
deep_otm,3122.0
deep_otm,4009.0
deep_otm,880.0
deep_otm,2083.0
deep_otm,-706.0
deep_otm,1625.0
deep_otm,-1478.0
deep_otm,1565.0
deep_otm,5429.0
deep_otm,909.0
deep_otm,1123.0
deep_otm,1620.0
deep_otm,3975.0
deep_otm,3249.0
deep_otm,4855.0
deep_otm,-2134.0
deep_otm,4479.0
deep_otm,5760.0
deep_otm,1365.0
deep_otm,5370.0
deep_otm,927.0
deep_otm,26614.0
deep_otm,672.0
deep_otm,7814.0
deep_otm,-5443.0
deep_itm,-725.0
deep_itm,586.0
deep_itm,2348.0
deep_itm,2461.0
deep_itm,6052.0
deep_itm,4917.0
deep_itm,6452.0
deep_itm,1777.0
deep_itm,3028.0
deep_itm,262.0
deep_itm,2156.0
deep_itm,1415.0
deep_itm,1237.0
deep_itm,1534.0
deep_itm,2483.0
deep_itm,5012.0
deep_itm,6769.0
deep_itm,3490.0
deep_itm,4280.0
deep_itm,6946.0
deep_itm,2960.0
deep_itm,164.0
deep_itm,-1112.0
deep_itm,740.0
deep_itm,2460.0
deep_itm,2686.0
deep_itm,6202.0
deep_itm,4800.0
deep_itm,6545.0
deep_itm,1967.0
deep_itm,3100.0
deep_itm,836.0
deep_itm,2641.0
deep_itm,1334.0
deep_itm,1341.0
deep_itm,1717.0
deep_itm,2781.0
deep_itm,5023.0
deep_itm,6902.0
deep_itm,3720.0
deep_itm,3898.0
deep_itm,-818.0
deep_itm,800.0
deep_itm,2445.0
deep_itm,2677.0
deep_itm,6343.0
deep_itm,5188.0
deep_itm,6497.0
deep_itm,1997.0
deep_itm,3044.0
deep_itm,720.0
deep_itm,2419.0
deep_itm,1315.0
deep_itm,1326.0
deep_itm,1929.0
deep_itm,2809.0
deep_itm,4948.0
deep_itm,6873.0
deep_itm,3931.0
deep_itm,4671.0
deep_itm,7992.0
itm,2849.0
deep_itm,-1305.0
deep_itm,758.0
deep_itm,2723.0
deep_itm,2786.0
deep_itm,6703.0
deep_itm,5423.0
deep_itm,6821.0
deep_itm,2104.0
deep_itm,3319.0
deep_itm,800.0
deep_itm,2438.0
deep_itm,1392.0
deep_itm,1166.0
deep_itm,1811.0
deep_itm,2835.0
deep_itm,5105.0
deep_itm,7039.0
deep_itm,4063.0
itm,4440.0
itm,7664.0
atm,3669.0
deep_itm,-964.0
deep_itm,1520.0
deep_itm,2980.0
deep_itm,3064.0
deep_itm,7119.0
deep_itm,5620.0
deep_itm,7023.0
deep_itm,2052.0
deep_itm,3404.0
deep_itm,861.0
deep_itm,2675.0
deep_itm,1296.0
deep_itm,1117.0
deep_itm,1770.0
deep_itm,2796.0
deep_itm,5019.0
itm,7066.0
itm,4084.0
atm,4499.0
atm,7519.0
deep_itm,-782.0
deep_itm,1330.0
deep_itm,2992.0
deep_itm,3420.0
deep_itm,7211.0
deep_itm,5748.0
deep_itm,7118.0
deep_itm,2192.0
deep_itm,3458.0
deep_itm,1005.0
deep_itm,2699.0
deep_itm,1239.0
deep_itm,1166.0
deep_itm,1792.0
itm,3010.0
itm,5171.0
itm,6880.0
atm,3859.0
atm,4509.0
otm,7624.0
otm,3832.0
otm,1469.0
deep_itm,-444.0
deep_itm,1451.0
deep_itm,3235.0
deep_itm,3607.0
deep_itm,7512.0
deep_itm,5876.0
deep_itm,7441.0
deep_itm,2486.0
itm,3707.0
itm,1361.0
itm,2975.0
itm,1449.0
atm,1223.0
atm,1828.0
atm,2991.0
atm,5116.0
otm,6876.0
otm,3758.0
otm,3992.0
deep_otm,7837.0
deep_otm,4123.0
deep_otm,871.0
deep_otm,-3101.0
deep_itm,601.0
deep_itm,1573.0
deep_itm,3644.0
deep_itm,4006.0
deep_itm,8023.0
itm,6091.0
itm,7834.0
atm,2658.0
atm,3941.0
atm,1688.0
atm,2939.0
atm,1454.0
otm,1354.0
otm,1930.0
otm,2972.0
otm,5075.0
deep_otm,6942.0
deep_otm,5841.0
deep_otm,4947.0
deep_otm,7232.0
deep_otm,3889.0
itm,499.0
itm,1530.0
itm,3977.0
itm,4820.0
atm,8509.0
atm,6459.0
atm,8107.0
otm,3081.0
otm,4152.0
otm,1668.0
otm,2862.0
otm,1985.0
deep_otm,1541.0
deep_otm,2143.0
deep_otm,3008.0
deep_otm,5144.0
deep_otm,6994.0
deep_otm,4289.0
deep_otm,5281.0
deep_otm,7830.0
deep_otm,4266.0
deep_otm,2356.0
atm,628.0
atm,1742.0
atm,4293.0
atm,5157.0
atm,8880.0
otm,6523.0
otm,8459.0
otm,3228.0
deep_otm,4442.0
deep_otm,1805.0
deep_otm,2843.0
deep_otm,1955.0
deep_otm,1853.0
deep_otm,2837.0
deep_otm,3144.0
deep_otm,5191.0
deep_otm,7020.0
deep_otm,4965.0
deep_otm,3698.0
deep_otm,5721.0
otm,1036.0
atm,1894.0
otm,4304.0
otm,5250.0
otm,9163.0
deep_otm,6793.0
deep_otm,8596.0
deep_otm,3634.0
deep_otm,4605.0
deep_otm,2008.0
deep_otm,2660.0
deep_otm,2095.0
deep_otm,1820.0
deep_otm,1996.0
deep_otm,3050.0
deep_otm,5142.0
deep_otm,7043.0
deep_otm,4442.0
deep_otm,4616.0
deep_itm,1503.0
deep_itm,2242.0
deep_itm,4116.0
deep_itm,3784.0
deep_itm,8141.0
deep_itm,6138.0
deep_itm,8924.0
deep_itm,2378.0
deep_itm,3900.0
deep_itm,-275.0
deep_itm,1031.0
deep_itm,3989.0
deep_itm,186.0
deep_itm,8040.0
deep_itm,5090.0
deep_itm,403.0
deep_itm,1537.0
deep_itm,4475.0
deep_itm,3359.0
deep_itm,2006.0
deep_itm,2508.0
deep_itm,7611.0
deep_itm,1533.0
deep_itm,2859.0
deep_itm,7688.0
deep_itm,10220.0
itm,725.0
itm,2236.0
itm,5615.0
itm,4693.0
atm,10082.0
atm,8847.0
otm,5867.0
atm,1962.0
atm,3382.0
atm,5887.0
atm,7098.0
atm,9609.0
otm,6869.0
otm,8382.0
otm,4353.0
deep_otm,9127.0
otm,2089.0
atm,3058.0
otm,-1395.0
otm,7213.0
otm,10526.0
deep_otm,8664.0
deep_otm,12395.0
deep_otm,1952.0
otm,2720.0
deep_otm,5857.0
deep_otm,6173.0
deep_otm,9652.0
deep_otm,8883.0
deep_otm,9594.0
deep_otm,5586.0
deep_itm,-3530.0
deep_itm,-3542.0
deep_itm,-4403.0
deep_itm,-4406.0
deep_itm,566.0
deep_itm,307.0
deep_itm,402.0
deep_itm,377.0
deep_itm,454.0
deep_itm,236.0
deep_itm,318.0
deep_itm,-2720.0
deep_itm,-2533.0
deep_itm,-40.0
deep_itm,996.0
deep_itm,1038.0
deep_itm,1217.0
deep_itm,1252.0
deep_itm,273.0
deep_itm,-289.0
deep_itm,1253.0
deep_itm,-255.0
deep_itm,287.0
deep_itm,2130.0
deep_itm,505.0
deep_itm,1336.0
deep_itm,1291.0
deep_itm,2111.0
deep_itm,-2881.0
deep_itm,-3078.0
deep_itm,1310.0
deep_itm,-2740.0
deep_itm,-4097.0
deep_itm,437.0
deep_itm,1503.0
deep_itm,1493.0
deep_itm,-6380.0
deep_itm,-5778.0
deep_itm,-5790.0
deep_itm,-272.0
deep_itm,196.0
deep_itm,361.0
deep_itm,488.0
deep_itm,580.0
deep_itm,-1865.0
deep_itm,-1705.0
deep_itm,878.0
deep_itm,1435.0
deep_itm,1778.0
deep_itm,1033.0
deep_itm,665.0
deep_itm,1236.0
deep_itm,464.0
deep_itm,1565.0
deep_itm,-1456.0
deep_itm,-1538.0
deep_itm,-1457.0
deep_itm,-4537.0
deep_itm,-4614.0
deep_itm,-4628.0
deep_itm,606.0
deep_itm,604.0
deep_itm,368.0
deep_itm,427.0
deep_itm,189.0
deep_itm,649.0
deep_itm,133.0
deep_itm,357.0
deep_itm,91.0
deep_itm,-2941.0
deep_itm,-2407.0
deep_itm,1617.0
deep_itm,-546.0
deep_itm,1335.0
deep_itm,454.0
deep_itm,2445.0
deep_itm,852.0
deep_itm,942.0
deep_itm,1785.0
deep_itm,1219.0
deep_itm,1523.0
deep_itm,1513.0
deep_itm,-598.0
deep_itm,-600.0
deep_itm,-3034.0
deep_itm,-2972.0
deep_itm,-3164.0
deep_itm,435.0
deep_itm,215.0
deep_itm,613.0
deep_itm,483.0
deep_itm,826.0
deep_itm,211.0
deep_itm,764.0
deep_itm,-2162.0
deep_itm,-1312.0
deep_itm,1264.0
deep_itm,1411.0
deep_itm,1324.0
deep_itm,1046.0
deep_itm,1371.0
deep_itm,229.0
deep_itm,-29.0
deep_itm,1251.0
deep_itm,1045.0
deep_itm,1278.0
deep_itm,2056.0
deep_itm,604.0
deep_itm,1524.0
deep_itm,-1116.0
deep_itm,-663.0
deep_itm,-662.0
deep_itm,-2997.0
deep_itm,-3029.0
deep_itm,303.0
deep_itm,895.0
deep_itm,195.0
deep_itm,925.0
deep_itm,408.0
deep_itm,1070.0
deep_itm,676.0
deep_itm,1304.0
deep_itm,-2216.0
deep_itm,-905.0
deep_itm,-291.0
deep_itm,764.0
deep_itm,1228.0
deep_itm,1473.0
deep_itm,1119.0
deep_itm,761.0
deep_itm,1637.0
deep_itm,710.0
deep_itm,2389.0
deep_itm,1422.0
deep_itm,1180.0
deep_itm,1624.0
deep_itm,1637.0
deep_itm,-1723.0
deep_itm,1625.0
deep_itm,1100.0
deep_itm,1565.0
deep_itm,1825.0
itm,-358.0
itm,-398.0
itm,-2722.0
itm,-2869.0
deep_itm,289.0
deep_itm,1550.0
itm,242.0
itm,1706.0
itm,344.0
deep_itm,353.0
deep_itm,1589.0
itm,475.0
itm,1802.0
itm,794.0
deep_itm,-2145.0
deep_itm,-481.0
deep_itm,74.0
deep_itm,976.0
deep_itm,627.0
deep_itm,1267.0
deep_itm,1745.0
deep_itm,709.0
deep_itm,2467.0
deep_itm,3308.0
deep_itm,2690.0
deep_itm,-525.0
deep_itm,743.0
deep_itm,1678.0
deep_itm,2858.0
deep_itm,1277.0
deep_itm,1173.0
deep_itm,966.0
deep_itm,1408.0
deep_itm,2098.0
deep_itm,1475.0
deep_itm,2144.0
deep_itm,1009.0
deep_itm,1030.0
deep_itm,1913.0
deep_itm,3501.0
deep_itm,6436.0
deep_itm,3359.0
deep_itm,1812.0
deep_itm,3488.0
deep_itm,1458.0
deep_itm,3891.0
deep_itm,5268.0
itm,-11.0
atm,-154.0
atm,79.0
atm,-585.0
atm,-3223.0
atm,-1644.0
itm,331.0
itm,1998.0
itm,158.0
itm,2088.0
itm,296.0
itm,1775.0
itm,499.0
itm,2019.0
itm,670.0
itm,-2185.0
itm,-141.0
itm,91.0
itm,1730.0
itm,564.0
deep_itm,615.0
deep_itm,1964.0
deep_itm,836.0
deep_itm,2093.0
deep_itm,1260.0
deep_itm,-234.0
deep_itm,1035.0
deep_itm,419.0
deep_itm,-139.0
deep_itm,1155.0
deep_itm,861.0
deep_itm,1849.0
deep_itm,180.0
deep_itm,1439.0
deep_itm,3024.0
deep_itm,1040.0
deep_itm,1773.0
deep_itm,2792.0
deep_itm,632.0
deep_itm,-222.0
deep_itm,-703.0
deep_itm,-1396.0
deep_itm,178.0
deep_itm,2046.0
deep_itm,451.0
deep_itm,1099.0
deep_itm,1474.0
deep_itm,2031.0
deep_itm,1436.0
deep_itm,1967.0
deep_itm,459.0
deep_itm,2164.0
deep_itm,2791.0
deep_itm,2428.0
deep_itm,3216.0
deep_itm,5059.0
deep_itm,3634.0
deep_itm,1615.0
deep_itm,1149.0
deep_itm,-942.0
deep_itm,-4520.0
deep_itm,172.0
deep_itm,1363.0
deep_itm,2966.0
itm,1917.0
otm,29.0
otm,891.0
atm,-2727.0
atm,-1235.0
atm,236.0
atm,2701.0
atm,124.0
atm,2445.0
atm,275.0
atm,2580.0
atm,484.0
atm,2549.0
atm,-2243.0
atm,472.0
itm,-107.0
itm,2293.0
itm,683.0
itm,2473.0
itm,929.0
itm,2796.0
itm,-270.0
itm,1263.0
deep_itm,-1144.0
deep_itm,1309.0
deep_itm,556.0
deep_itm,2505.0
deep_itm,4250.0
deep_itm,1129.0
deep_itm,1466.0
itm,405.0
itm,1859.0
itm,342.0
itm,3188.0
deep_itm,-346.0
deep_itm,-2812.0
deep_itm,3796.0
deep_itm,3896.0
deep_itm,3928.0
deep_itm,3860.0
otm,764.0
otm,1111.0
otm,-2396.0
otm,-1227.0
otm,252.0
otm,3013.0
otm,168.0
otm,2625.0
otm,216.0
otm,2704.0
otm,485.0
otm,2428.0
atm,-2068.0
atm,497.0
atm,303.0
atm,2544.0
atm,883.0
atm,846.0
atm,2672.0
atm,862.0
atm,2998.0
atm,-1078.0
atm,1705.0
atm,1665.0
itm,-393.0
itm,2046.0
itm,692.0
itm,2406.0
itm,1130.0
itm,771.0
itm,2440.0
itm,4899.0
itm,5712.0
itm,2489.0
itm,2640.0
atm,7572.0
atm,6479.0
atm,1574.0
itm,383.0
itm,683.0
deep_itm,-1218.0
deep_itm,-979.0
deep_itm,-7.0
deep_itm,1660.0
deep_itm,2515.0
deep_itm,2771.0
itm,1710.0
atm,3250.0
atm,2397.0
deep_otm,696.0
deep_otm,1469.0
deep_otm,94.0
deep_otm,-609.0
deep_otm,-493.0
deep_otm,-1031.0
deep_otm,412.0
deep_otm,2430.0
deep_otm,106.0
deep_otm,2702.0
deep_otm,934.0
deep_otm,209.0
deep_otm,2332.0
deep_otm,858.0
deep_otm,2654.0
deep_otm,1549.0
deep_otm,-2051.0
deep_otm,563.0
otm,649.0
otm,2955.0
otm,1525.0
otm,1039.0
otm,3844.0
otm,1059.0
otm,3400.0
otm,3727.0
otm,1238.0
otm,1515.0
otm,2460.0
atm,2210.0
otm,2300.0
otm,2295.0
atm,-914.0
atm,1032.0
atm,2192.0
atm,4500.0
atm,4940.0
atm,3278.0
atm,2295.0
atm,4178.0
atm,2845.0
otm,3408.0
otm,1851.0
otm,1187.0
otm,3448.0
atm,838.0
atm,201.0
atm,-2043.0
itm,592.0
itm,289.0
itm,492.0
itm,4410.0
deep_itm,3215.0
deep_itm,3395.0
deep_itm,2699.0
deep_itm,4056.0
deep_itm,4150.0
deep_itm,3895.0
deep_itm,5223.0
itm,5338.0
itm,4029.0
itm,3598.0
itm,4652.0
atm,3759.0
atm,6263.0
atm,3478.0
atm,2679.0
atm,3705.0
deep_otm,67.0
deep_otm,724.0
deep_otm,-738.0
deep_otm,-1002.0
deep_otm,95.0
deep_otm,1045.0
deep_otm,1793.0
deep_otm,595.0
deep_otm,1696.0
deep_otm,900.0
deep_otm,761.0
deep_otm,2037.0
deep_otm,1506.0
deep_otm,3060.0
deep_otm,-2104.0
deep_otm,907.0
deep_otm,3364.0
deep_otm,665.0
deep_otm,3007.0
deep_otm,1216.0
deep_otm,1180.0
deep_otm,3518.0
deep_otm,1665.0
deep_otm,3234.0
deep_otm,3545.0
deep_otm,1150.0
otm,3092.0
otm,997.0
otm,2039.0
otm,4017.0
otm,772.0
otm,2097.0
deep_otm,3106.0
deep_otm,2066.0
deep_otm,2880.0
otm,604.0
otm,-2485.0
otm,-1209.0
atm,2822.0
itm,2668.0
itm,1501.0
atm,1343.0
itm,-579.0
deep_otm,724.0
deep_otm,1111.0
deep_otm,-420.0
deep_otm,-237.0
deep_otm,4.0
deep_otm,987.0
deep_otm,2137.0
deep_otm,476.0
deep_otm,520.0
deep_otm,2237.0
deep_otm,817.0
deep_otm,1897.0
deep_otm,955.0
deep_otm,2613.0
deep_otm,-1836.0
deep_otm,218.0
deep_otm,-1075.0
deep_otm,967.0
deep_otm,3074.0
deep_otm,1422.0
deep_otm,3043.0
deep_otm,1606.0
deep_otm,3122.0
deep_otm,-155.0
deep_otm,1468.0
deep_otm,1002.0
deep_otm,2092.0
deep_otm,1982.0
deep_otm,3277.0
deep_otm,1064.0
deep_otm,1883.0
deep_otm,2783.0
deep_otm,3045.0
deep_otm,5469.0
deep_otm,5228.0
deep_otm,2873.0
deep_otm,2814.0
deep_otm,3254.0
deep_otm,2910.0
deep_otm,2874.0
deep_otm,2912.0
deep_otm,3548.0
deep_otm,2054.0
deep_otm,5867.0
deep_otm,3579.0
deep_otm,2866.0
deep_otm,1176.0
deep_otm,1179.0
deep_otm,-2238.0
deep_otm,-2177.0
deep_otm,-1248.0
otm,1269.0
otm,-197.0
otm,2794.0
otm,1156.0
otm,3146.0
otm,2824.0
atm,2615.0
atm,2228.0
atm,160.0
atm,793.0
atm,1360.0
atm,320.0
atm,2644.0
atm,3364.0
atm,6250.0
otm,3783.0
atm,2341.0
atm,4024.0
otm,3787.0
otm,4389.0
deep_otm,-61.0
deep_otm,566.0
deep_otm,-1012.0
deep_otm,3197.0
deep_otm,-2702.0
deep_otm,4747.0
deep_otm,828.0
deep_otm,-335.0
deep_otm,4330.0
deep_otm,3285.0
deep_otm,5639.0
deep_otm,2071.0
deep_otm,1920.0
deep_otm,2394.0
deep_otm,3316.0
deep_otm,-524.0
deep_otm,2924.0
deep_otm,2013.0
deep_otm,956.0
deep_otm,-104.0
deep_otm,-604.0
deep_otm,-1129.0
deep_otm,-576.0
deep_otm,4270.0
deep_otm,-6322.0
deep_otm,302.0
deep_otm,3098.0
deep_otm,-4004.0
deep_otm,-158.0
deep_otm,-2199.0
deep_otm,2245.0
deep_otm,-1619.0
deep_otm,1140.0
deep_otm,2166.0
deep_otm,5859.0
deep_otm,1522.0
deep_otm,-2689.0
deep_otm,-3908.0
deep_itm,-5908.0
deep_itm,-5920.0
deep_itm,-9172.0
deep_itm,-9175.0
deep_itm,-761.0
deep_itm,-684.0
deep_itm,-4973.0
deep_itm,-4786.0
deep_itm,-903.0
deep_itm,-1574.0
deep_itm,-1532.0
deep_itm,-536.0
deep_itm,609.0
deep_itm,1096.0
deep_itm,-1272.0
deep_itm,-983.0
deep_itm,2257.0
deep_itm,9.0
deep_itm,497.0
deep_itm,452.0
deep_itm,1242.0
deep_itm,-260.0
deep_itm,-457.0
deep_itm,1177.0
deep_itm,-569.0
deep_itm,-3848.0
deep_itm,-2622.0
deep_itm,-1789.0
deep_itm,369.0
deep_itm,-142.0
deep_itm,1625.0
deep_itm,-1278.0
deep_itm,-6499.0
deep_itm,-6511.0
deep_itm,-1772.0
deep_itm,1354.0
deep_itm,1519.0
deep_itm,-1179.0
deep_itm,-2340.0
deep_itm,-2180.0
deep_itm,1101.0
deep_itm,272.0
deep_itm,-511.0
deep_itm,222.0
deep_itm,586.0
deep_itm,-64.0
deep_itm,-1829.0
deep_itm,-1911.0
deep_itm,-1830.0
deep_itm,-5098.0
deep_itm,-5175.0
deep_itm,-5189.0
deep_itm,-3.0
deep_itm,-5.0
deep_itm,416.0
deep_itm,-5181.0
deep_itm,-4647.0
deep_itm,-178.0
deep_itm,-680.0
deep_itm,-285.0
deep_itm,-762.0
deep_itm,2463.0
deep_itm,821.0
deep_itm,1365.0
deep_itm,3057.0
deep_itm,1994.0
deep_itm,1706.0
deep_itm,481.0
deep_itm,-1416.0
deep_itm,893.0
deep_itm,-3362.0
deep_itm,-3364.0
deep_itm,-3778.0
deep_itm,-3716.0
deep_itm,-3908.0
deep_itm,-2193.0
deep_itm,-1640.0
deep_itm,-7509.0
deep_itm,-6659.0
deep_itm,-434.0
deep_itm,-1126.0
deep_itm,-1040.0
deep_itm,668.0
deep_itm,122.0
deep_itm,-591.0
deep_itm,2917.0
deep_itm,101.0
deep_itm,-261.0
deep_itm,-1101.0
deep_itm,1466.0
deep_itm,-2577.0
deep_itm,-4082.0
deep_itm,-610.0
deep_itm,-609.0
deep_itm,-3062.0
deep_itm,-3094.0
deep_itm,776.0
deep_itm,1506.0
deep_itm,-834.0
deep_itm,-206.0
deep_itm,-2181.0
deep_itm,-870.0
deep_itm,-293.0
deep_itm,762.0
deep_itm,1036.0
deep_itm,-391.0
deep_itm,1341.0
deep_itm,-731.0
deep_itm,2832.0
deep_itm,-325.0
deep_itm,119.0
deep_itm,1957.0
deep_itm,-1403.0
deep_itm,3360.0
deep_itm,-3200.0
deep_itm,-3756.0
deep_itm,1475.0
itm,-904.0
itm,-944.0
itm,-2961.0
itm,-3108.0
deep_itm,-917.0
deep_itm,344.0
itm,-869.0
itm,595.0
itm,-767.0
deep_itm,-1417.0
deep_itm,-181.0
itm,-922.0
itm,405.0
itm,-603.0
deep_itm,-2638.0
deep_itm,-974.0
deep_itm,-169.0
deep_itm,733.0
deep_itm,422.0
deep_itm,1062.0
deep_itm,799.0
deep_itm,-421.0
deep_itm,-439.0
deep_itm,402.0
deep_itm,-216.0
deep_itm,763.0
deep_itm,-1781.0
deep_itm,-513.0
deep_itm,418.0
deep_itm,2530.0
deep_itm,-367.0
deep_itm,239.0
deep_itm,664.0
deep_itm,951.0
deep_itm,-212.0
deep_itm,-316.0
deep_itm,1456.0
deep_itm,-971.0
deep_itm,-3750.0
deep_itm,-3833.0
deep_itm,-2454.0
deep_itm,-1902.0
deep_itm,-1880.0
deep_itm,-1214.0
deep_itm,499.0
deep_itm,1189.0
deep_itm,469.0
deep_itm,1069.0
deep_itm,264.0
deep_itm,933.0
deep_itm,1560.0
deep_itm,-186.0
deep_itm,1819.0
deep_itm,-4349.0
deep_itm,1341.0
deep_itm,5047.0
deep_itm,2759.0
deep_itm,1038.0
deep_itm,120.0
deep_itm,816.0
deep_itm,3801.0
deep_itm,2991.0
deep_itm,3333.0
deep_itm,2447.0
atm,-376.0
atm,-143.0
atm,-807.0
atm,-3213.0
atm,-1634.0
itm,-720.0
itm,947.0
itm,-1127.0
itm,803.0
itm,-699.0
itm,780.0
itm,-759.0
itm,761.0
itm,-588.0
itm,-3022.0
itm,-978.0
itm,-1433.0
itm,206.0
itm,-960.0
deep_itm,-160.0
deep_itm,1189.0
deep_itm,-764.0
deep_itm,493.0
deep_itm,-340.0
deep_itm,-1635.0
deep_itm,-366.0
deep_itm,-982.0
deep_itm,-955.0
deep_itm,339.0
deep_itm,45.0
deep_itm,801.0
deep_itm,-559.0
deep_itm,645.0
deep_itm,2803.0
deep_itm,274.0
deep_itm,783.0
deep_itm,1209.0
deep_itm,-672.0
deep_itm,1515.0
deep_itm,-1152.0
deep_itm,-3221.0
deep_itm,-3914.0
deep_itm,-2040.0
deep_itm,-1310.0
deep_itm,803.0
deep_itm,1451.0
deep_itm,689.0
deep_itm,1246.0
deep_itm,1052.0
deep_itm,550.0
deep_itm,-75.0
deep_itm,147.0
deep_itm,1840.0
deep_itm,750.0
deep_itm,-135.0
deep_itm,3221.0
deep_itm,5304.0
deep_itm,2811.0
deep_itm,1164.0
deep_itm,1402.0
deep_itm,-310.0
deep_itm,1698.0
deep_itm,6043.0
deep_itm,3710.0
deep_itm,1919.0
deep_itm,2610.0
deep_itm,2303.0
deep_itm,1866.0
deep_itm,2349.0
itm,2612.0
itm,2389.0
atm,2429.0
atm,2082.0
atm,2618.0
otm,1800.0
otm,23.0
otm,885.0
atm,-2758.0
atm,-1266.0
atm,-1304.0
atm,1161.0
atm,-1612.0
atm,709.0
atm,-1218.0
atm,1087.0
atm,-1172.0
atm,893.0
atm,-3516.0
atm,-801.0
itm,-1905.0
itm,495.0
itm,-816.0
itm,974.0
itm,-896.0
itm,971.0
itm,-1989.0
itm,-456.0
deep_itm,-1831.0
deep_itm,622.0
itm,-1578.0
itm,1051.0
deep_itm,-394.0
deep_itm,582.0
deep_itm,2734.0
deep_itm,376.0
deep_itm,878.0
itm,-124.0
itm,1330.0
itm,-717.0
itm,1498.0
deep_itm,-1190.0
deep_itm,-4037.0
deep_itm,-2082.0
deep_itm,-1134.0
deep_itm,1547.0
deep_itm,1122.0
deep_itm,1416.0
deep_itm,375.0
deep_itm,475.0
deep_itm,1957.0
deep_itm,1449.0
deep_itm,4053.0
deep_itm,2238.0
otm,763.0
otm,1110.0
otm,-2414.0
otm,-1245.0
otm,-1344.0
otm,1417.0
otm,-1426.0
otm,1031.0
otm,-1174.0
otm,1314.0
otm,-1095.0
otm,848.0
atm,-3360.0
atm,-795.0
atm,-1642.0
atm,599.0
atm,-1062.0
atm,-1067.0
atm,759.0
atm,-1350.0
atm,786.0
atm,-3043.0
atm,-260.0
atm,-300.0
itm,-1572.0
itm,867.0
itm,-604.0
itm,1110.0
itm,-325.0
itm,-891.0
itm,778.0
itm,1946.0
itm,2759.0
itm,285.0
itm,436.0
itm,1486.0
itm,849.0
atm,2562.0
atm,1469.0
atm,-373.0
itm,1339.0
itm,-1523.0
itm,-1223.0
deep_itm,-4303.0
deep_itm,-4064.0
deep_itm,-3655.0
deep_itm,-1988.0
deep_itm,-1102.0
deep_itm,1439.0
deep_itm,1329.0
deep_itm,569.0
deep_itm,519.0
deep_itm,1105.0
deep_itm,69.0
deep_itm,-81.0
deep_itm,-216.0
deep_itm,1324.0
deep_itm,1950.0
deep_itm,1760.0
deep_itm,6683.0
deep_itm,6772.0
deep_itm,3883.0
deep_itm,2446.0
deep_itm,253.0
deep_itm,3471.0
deep_itm,3902.0
atm,3170.0
deep_otm,701.0
deep_otm,1474.0
deep_otm,99.0
deep_otm,-614.0
deep_otm,-498.0
deep_otm,-1036.0
deep_otm,-407.0
deep_otm,1611.0
deep_otm,-689.0
deep_otm,1907.0
deep_otm,139.0
deep_otm,-567.0
deep_otm,1556.0
deep_otm,-35.0
deep_otm,1761.0
deep_otm,656.0
deep_otm,-2811.0
deep_otm,-197.0
otm,-1009.0
otm,1297.0
otm,-133.0
otm,-766.0
otm,2039.0
otm,-928.0
otm,1413.0
otm,1740.0
otm,-314.0
otm,-37.0
otm,908.0
atm,776.0
otm,1240.0
otm,1235.0
atm,-1990.0
atm,-44.0
atm,952.0
atm,2676.0
atm,3116.0
atm,1690.0
atm,707.0
atm,2508.0
atm,1175.0
otm,3229.0
otm,1672.0
otm,405.0
otm,1615.0
atm,-231.0
atm,-868.0
atm,-3764.0
itm,-1570.0
itm,-1873.0
itm,-1077.0
itm,1419.0
deep_itm,1043.0
deep_itm,1223.0
deep_itm,-638.0
deep_itm,751.0
deep_itm,1181.0
deep_itm,300.0
deep_itm,1071.0
deep_itm,1672.0
deep_itm,1222.0
deep_itm,1528.0
deep_itm,3553.0
itm,4281.0
itm,5670.0
itm,3403.0
itm,4457.0
atm,2499.0
atm,5003.0
atm,4863.0
atm,2430.0
atm,4282.0
atm,3483.0
atm,3407.0
deep_otm,69.0
deep_otm,726.0
deep_otm,-737.0
deep_otm,-1001.0
deep_otm,96.0
deep_otm,637.0
deep_otm,1385.0
deep_otm,149.0
deep_otm,1250.0
deep_otm,454.0
deep_otm,265.0
deep_otm,1541.0
deep_otm,858.0
deep_otm,2412.0
deep_otm,-2634.0
deep_otm,377.0
deep_otm,2834.0
deep_otm,-430.0
deep_otm,1912.0
deep_otm,121.0
deep_otm,-225.0
deep_otm,2113.0
deep_otm,172.0
deep_otm,1741.0
deep_otm,2488.0
deep_otm,93.0
otm,858.0
deep_otm,1459.0
otm,140.0
otm,1128.0
otm,3099.0
otm,688.0
otm,1336.0
deep_otm,1917.0
deep_otm,749.0
deep_otm,1781.0
otm,-727.0
otm,-3612.0
otm,-1848.0
atm,-883.0
atm,1480.0
itm,1164.0
itm,735.0
itm,849.0
itm,875.0
atm,3989.0
itm,4536.0
deep_otm,724.0
deep_otm,1111.0
deep_otm,-421.0
deep_otm,-238.0
deep_otm,3.0
deep_otm,750.0
deep_otm,1900.0
deep_otm,239.0
deep_otm,183.0
deep_otm,1900.0
deep_otm,480.0
deep_otm,1560.0
deep_otm,580.0
deep_otm,2238.0
deep_otm,-2181.0
deep_otm,-127.0
deep_otm,-1420.0
deep_otm,168.0
deep_otm,2275.0
deep_otm,298.0
deep_otm,1919.0
deep_otm,470.0
deep_otm,1986.0
deep_otm,-1348.0
deep_otm,275.0
deep_otm,-439.0
deep_otm,651.0
deep_otm,251.0
deep_otm,1546.0
deep_otm,-652.0
deep_otm,167.0
deep_otm,849.0
deep_otm,1111.0
deep_otm,3366.0
deep_otm,3125.0
deep_otm,848.0
deep_otm,789.0
deep_otm,1551.0
deep_otm,1207.0
deep_otm,1724.0
deep_otm,1762.0
deep_otm,2188.0
deep_otm,694.0
deep_otm,4254.0
deep_otm,1966.0
deep_otm,1253.0
deep_otm,-442.0
deep_otm,-439.0
deep_otm,-3567.0
deep_otm,-3506.0
deep_otm,-2577.0
otm,-320.0
otm,-1786.0
otm,1035.0
otm,-603.0
otm,1521.0
otm,1199.0
atm,1443.0
atm,1056.0
atm,40.0
atm,673.0
atm,1736.0
atm,-217.0
atm,1184.0
atm,3365.0
atm,5159.0
otm,2718.0
atm,2155.0
atm,3838.0
otm,4648.0
otm,3598.0
deep_otm,-61.0
deep_otm,561.0
deep_otm,-1017.0
deep_otm,2891.0
deep_otm,-2910.0
deep_otm,4422.0
deep_otm,595.0
deep_otm,-568.0
deep_otm,3609.0
deep_otm,2216.0
deep_otm,4588.0
deep_otm,237.0
deep_otm,786.0
deep_otm,1669.0
deep_otm,-293.0
deep_otm,1148.0
deep_otm,3376.0
deep_otm,693.0
deep_otm,1367.0
deep_otm,2586.0
deep_otm,347.0
deep_otm,2261.0
deep_otm,174.0
deep_otm,-3710.0
deep_otm,-1855.0
deep_otm,-617.0
deep_otm,-105.0
deep_otm,-605.0
deep_otm,-1128.0
deep_otm,-575.0
deep_otm,4122.0
deep_otm,-6484.0
deep_otm,212.0
deep_otm,2681.0
deep_otm,-4779.0
deep_otm,-801.0
deep_otm,-3037.0
deep_otm,1275.0
deep_otm,-2862.0
deep_otm,-103.0
deep_otm,1122.0
deep_otm,3253.0
deep_otm,1404.0
deep_otm,7943.0
deep_otm,-530.0
deep_otm,-4232.0
deep_otm,-6294.0
deep_itm,-2660.0
deep_itm,-2742.0
deep_itm,-2661.0
deep_itm,-6872.0
deep_itm,-6949.0
deep_itm,-6963.0
deep_itm,1342.0
deep_itm,1340.0
deep_itm,1479.0
deep_itm,1538.0
deep_itm,1300.0
deep_itm,1506.0
deep_itm,1584.0
deep_itm,1808.0
deep_itm,1542.0
deep_itm,916.0
deep_itm,1450.0
deep_itm,1870.0
deep_itm,1842.0
deep_itm,1705.0
deep_itm,1006.0
deep_itm,485.0
deep_itm,1061.0
deep_itm,2916.0
deep_itm,1673.0
deep_itm,2164.0
deep_itm,1630.0
deep_itm,1435.0
deep_itm,2387.0
deep_itm,1248.0
deep_itm,-518.0
deep_itm,2691.0
deep_itm,-1026.0
deep_itm,-1028.0
deep_itm,-6184.0
deep_itm,-6122.0
deep_itm,-6314.0
deep_itm,1469.0
deep_itm,1949.0
deep_itm,2347.0
deep_itm,2243.0
deep_itm,2586.0
deep_itm,1590.0
deep_itm,2143.0
deep_itm,-1107.0
deep_itm,-257.0
deep_itm,2052.0
deep_itm,2216.0
deep_itm,2129.0
deep_itm,1614.0
deep_itm,1700.0
deep_itm,1903.0
deep_itm,2300.0
deep_itm,654.0
deep_itm,1093.0
deep_itm,3121.0
deep_itm,2186.0
deep_itm,2402.0
deep_itm,2082.0
deep_itm,1454.0
deep_itm,2318.0
deep_itm,2007.0
deep_itm,272.0
deep_itm,2397.0
deep_itm,-777.0
deep_itm,-776.0
deep_itm,-4526.0
deep_itm,-4558.0
deep_itm,1565.0
deep_itm,2157.0
deep_itm,1244.0
deep_itm,1974.0
deep_itm,2302.0
deep_itm,2964.0
deep_itm,1663.0
deep_itm,2291.0
deep_itm,-133.0
deep_itm,1178.0
deep_itm,1759.0
deep_itm,2814.0
deep_itm,2426.0
deep_itm,2062.0
deep_itm,2664.0
deep_itm,1970.0
deep_itm,2269.0
deep_itm,1853.0
deep_itm,2078.0
deep_itm,3172.0
deep_itm,3060.0
deep_itm,2812.0
deep_itm,3256.0
deep_itm,3311.0
deep_itm,1404.0
deep_itm,2504.0
itm,-545.0
itm,-585.0
itm,-2965.0
itm,-3112.0
deep_itm,1659.0
deep_itm,2920.0
itm,1387.0
itm,2851.0
itm,1489.0
deep_itm,1546.0
deep_itm,2782.0
itm,1869.0
itm,3196.0
itm,2188.0
deep_itm,-117.0
deep_itm,1547.0
deep_itm,2707.0
deep_itm,3609.0
deep_itm,2640.0
deep_itm,3280.0
deep_itm,3673.0
deep_itm,1563.0
deep_itm,2404.0
deep_itm,1786.0
deep_itm,3950.0
deep_itm,790.0
deep_itm,2058.0
deep_itm,2897.0
deep_itm,3760.0
deep_itm,2672.0
deep_itm,3278.0
deep_itm,3444.0
deep_itm,4227.0
deep_itm,3354.0
deep_itm,3250.0
deep_itm,4210.0
deep_itm,2364.0
deep_itm,-230.0
deep_itm,-313.0
deep_itm,2082.0
deep_itm,2772.0
deep_itm,2339.0
deep_itm,2939.0
deep_itm,2562.0
deep_itm,3231.0
deep_itm,3108.0
deep_itm,2104.0
deep_itm,2412.0
deep_itm,4687.0
deep_itm,-599.0
deep_itm,2454.0
deep_itm,2664.0
deep_itm,2293.0
atm,-36.0
atm,197.0
atm,-467.0
atm,-3265.0
atm,-1686.0
itm,1298.0
itm,2965.0
itm,1425.0
itm,3355.0
itm,1512.0
itm,2991.0
itm,1982.0
itm,3502.0
itm,2153.0
itm,-217.0
itm,1827.0
itm,1712.0
itm,3351.0
itm,2185.0
deep_itm,1893.0
deep_itm,3242.0
deep_itm,2084.0
deep_itm,3341.0
deep_itm,2508.0
deep_itm,865.0
deep_itm,2134.0
deep_itm,1518.0
deep_itm,1586.0
deep_itm,2880.0
deep_itm,2586.0
deep_itm,3172.0
deep_itm,1802.0
deep_itm,1892.0
deep_itm,3588.0
deep_itm,2623.0
deep_itm,3560.0
deep_itm,2002.0
deep_itm,1895.0
deep_itm,3948.0
deep_itm,1234.0
deep_itm,1396.0
deep_itm,703.0
deep_itm,2209.0
deep_itm,2796.0
deep_itm,2373.0
deep_itm,3021.0
deep_itm,2346.0
deep_itm,2903.0
deep_itm,2091.0
deep_itm,3734.0
deep_itm,2702.0
deep_itm,2226.0
deep_itm,3272.0
deep_itm,3151.0
deep_itm,3039.0
deep_itm,4607.0
deep_itm,12564.0
deep_itm,4586.0
deep_itm,2703.0
deep_itm,2895.0
deep_itm,3106.0
otm,153.0
otm,1015.0
atm,-2759.0
atm,-1267.0
atm,1283.0
atm,3748.0
atm,1710.0
atm,4031.0
atm,2136.0
atm,4441.0
atm,1923.0
atm,3988.0
atm,-1044.0
atm,1671.0
itm,2047.0
itm,4447.0
itm,1359.0
itm,3988.0
deep_itm,1305.0
deep_itm,4369.0
deep_itm,3600.0
itm,1849.0
deep_itm,1745.0
deep_itm,3767.0
deep_itm,-241.0
deep_itm,3680.0
otm,768.0
otm,1115.0
otm,-2416.0
otm,-1247.0
otm,1482.0
otm,4243.0
otm,816.0
otm,3273.0
otm,1756.0
otm,4244.0
atm,491.0
atm,3056.0
atm,1302.0
atm,3543.0
atm,1882.0
atm,1857.0
atm,3683.0
atm,1523.0
atm,3659.0
atm,-740.0
atm,2043.0
atm,2003.0
itm,273.0
itm,2712.0
itm,3343.0
itm,5057.0
itm,-887.0
itm,782.0
itm,4919.0
itm,5732.0
itm,2239.0
itm,2390.0
itm,4528.0
itm,3891.0
atm,2889.0
atm,1796.0
atm,3074.0
itm,5598.0
itm,1587.0
itm,1887.0
deep_itm,-1218.0
deep_itm,-979.0
deep_itm,5458.0
deep_itm,7125.0
deep_itm,7689.0
deep_itm,7639.0
deep_itm,7309.0
deep_itm,4590.0
deep_itm,4440.0
deep_itm,2251.0
deep_itm,3581.0
deep_itm,4207.0
deep_itm,4110.0
deep_itm,4805.0
deep_itm,5928.0
deep_itm,5532.0
deep_itm,5621.0
deep_itm,5594.0
deep_itm,4921.0
deep_otm,701.0
deep_otm,1474.0
deep_otm,99.0
deep_otm,-601.0
deep_otm,-485.0
deep_otm,-1023.0
deep_otm,1585.0
deep_otm,3603.0
deep_otm,1860.0
deep_otm,4456.0
deep_otm,2688.0
deep_otm,2162.0
deep_otm,4285.0
deep_otm,2574.0
deep_otm,4370.0
deep_otm,3265.0
deep_otm,-591.0
deep_otm,2023.0
otm,1614.0
otm,3920.0
otm,2490.0
otm,2603.0
otm,5408.0
otm,2992.0
otm,5333.0
otm,5660.0
otm,3195.0
otm,3472.0
otm,4417.0
atm,3447.0
otm,4105.0
otm,4100.0
atm,942.0
atm,2888.0
atm,3982.0
atm,5035.0
atm,5475.0
atm,5570.0
atm,4587.0
atm,5194.0
atm,3861.0
otm,2182.0
otm,5515.0
atm,2589.0
atm,1952.0
atm,-322.0
itm,2473.0
itm,2170.0
itm,1546.0
itm,6049.0
deep_itm,3039.0
deep_itm,3270.0
deep_otm,67.0
deep_otm,724.0
deep_otm,-730.0
deep_otm,-994.0
deep_otm,103.0
deep_otm,2327.0
deep_otm,3075.0
deep_otm,1980.0
deep_otm,3081.0
deep_otm,2285.0
deep_otm,2756.0
deep_otm,4032.0
deep_otm,3248.0
deep_otm,4802.0
deep_otm,-894.0
deep_otm,2117.0
deep_otm,4574.0
deep_otm,1599.0
deep_otm,3941.0
deep_otm,2150.0
deep_otm,4229.0
deep_otm,6567.0
otm,834.0
otm,3082.0
otm,1559.0
otm,-1969.0
atm,2273.0
itm,4003.0
deep_otm,725.0
deep_otm,1112.0
deep_otm,-416.0
deep_otm,-233.0
deep_otm,8.0
deep_otm,2261.0
deep_otm,3411.0
deep_otm,1750.0
deep_otm,1776.0
deep_otm,3493.0
deep_otm,1846.0
deep_otm,2926.0
deep_otm,1958.0
deep_otm,3616.0
deep_otm,-633.0
deep_otm,1421.0
deep_otm,128.0
deep_otm,2254.0
deep_otm,4361.0
deep_otm,3840.0
deep_otm,5461.0
deep_otm,1762.0
deep_otm,2852.0
deep_otm,5897.0
deep_otm,5656.0
deep_otm,3527.0
deep_otm,3468.0
deep_otm,5620.0
deep_otm,5276.0
deep_otm,2937.0
deep_otm,2940.0
atm,5390.0
atm,5003.0
atm,4139.0
atm,4430.0
atm,6113.0
deep_otm,-56.0
deep_otm,562.0
deep_otm,-1016.0
deep_otm,4283.0
deep_otm,5523.0
deep_otm,2777.0
deep_otm,3458.0
deep_otm,3030.0
deep_otm,4900.0
deep_otm,6433.0
deep_otm,1397.0
deep_otm,5120.0
deep_otm,1798.0
deep_otm,-1748.0
deep_otm,650.0
deep_otm,3834.0
deep_otm,-97.0
deep_otm,-597.0
deep_otm,-1121.0
deep_otm,-568.0
deep_otm,5311.0
deep_otm,-5057.0
deep_otm,1334.0
deep_otm,4693.0
deep_otm,-2660.0
deep_otm,1518.0
deep_otm,-255.0
deep_otm,4222.0
deep_otm,-141.0
deep_otm,2618.0
deep_otm,4530.0
deep_otm,6772.0
deep_otm,4698.0
deep_otm,11236.0
deep_otm,2766.0
deep_otm,-1977.0
deep_otm,-3765.0
